2026/09/18 13:10:56 - mmengine - INFO - 
------------------------------------------------------------
System environment:
    sys.platform: linux
    Python: 3.9.25 (main, Nov  3 2025, 22:33:05) [GCC 11.2.0]
    CUDA available: True
    MUSA available: False
    numpy_random_seed: 42
    GPU 0,1: NVIDIA GeForce RTX 3070
    CUDA_HOME: None
    GCC: gcc (Ubuntu 13.3.0-6ubuntu2~24.04.1) 13.3.0
    PyTorch: 2.8.0+cu128
    PyTorch compiling details: PyTorch built with:
  - GCC 13.3
  - C++ Version: 201703
  - Intel(R) oneAPI Math Kernel Library Version 2024.2-Product Build 20240605 for Intel(R) 64 architecture applications
  - Intel(R) MKL-DNN v3.7.1 (Git Hash 8d263e693366ef8db40acc569cc7d8edf644556d)
  - OpenMP 201511 (a.k.a. OpenMP 4.5)
  - LAPACK is enabled (usually provided by MKL)
  - NNPACK is enabled
  - CPU capability usage: AVX2
  - CUDA Runtime 12.8
  - NVCC architecture flags: -gencode;arch=compute_70,code=sm_70;-gencode;arch=compute_75,code=sm_75;-gencode;arch=compute_80,code=sm_80;-gencode;arch=compute_86,code=sm_86;-gencode;arch=compute_90,code=sm_90;-gencode;arch=compute_100,code=sm_100;-gencode;arch=compute_120,code=sm_120
  - CuDNN 91.0.2  (built against CUDA 12.9)
    - Built with CuDNN 90.8
  - Magma 2.6.1
  - Build settings: BLAS_INFO=mkl, BUILD_TYPE=Release, COMMIT_SHA=a1cb3cc05d46d198467bebbb6e8fba50a325d4e7, CUDA_VERSION=12.8, CUDNN_VERSION=9.8.0, CXX_COMPILER=/opt/rh/gcc-toolset-13/root/usr/bin/c++, CXX_FLAGS= -fvisibility-inlines-hidden -DUSE_PTHREADPOOL -DNDEBUG -DUSE_KINETO -DLIBKINETO_NOROCTRACER -DLIBKINETO_NOXPUPTI=ON -DUSE_FBGEMM -DUSE_PYTORCH_QNNPACK -DUSE_XNNPACK -DSYMBOLICATE_MOBILE_DEBUG_HANDLE -O2 -fPIC -DC10_NODEPRECATED -Wall -Wextra -Werror=return-type -Werror=non-virtual-dtor -Werror=range-loop-construct -Werror=bool-operation -Wnarrowing -Wno-missing-field-initializers -Wno-unknown-pragmas -Wno-unused-parameter -Wno-strict-overflow -Wno-strict-aliasing -Wno-stringop-overflow -Wsuggest-override -Wno-psabi -Wno-error=old-style-cast -faligned-new -Wno-maybe-uninitialized -fno-math-errno -fno-trapping-math -Werror=format -Wno-dangling-reference -Wno-error=dangling-reference -Wno-stringop-overflow, LAPACK_INFO=mkl, PERF_WITH_AVX=1, PERF_WITH_AVX2=1, TORCH_VERSION=2.8.0, USE_CUDA=ON, USE_CUDNN=ON, USE_CUSPARSELT=1, USE_GFLAGS=OFF, USE_GLOG=OFF, USE_GLOO=ON, USE_MKL=ON, USE_MKLDNN=ON, USE_MPI=OFF, USE_NCCL=1, USE_NNPACK=ON, USE_OPENMP=ON, USE_ROCM=OFF, USE_ROCM_KERNEL_ASSERT=OFF, USE_XCCL=OFF, USE_XPU=OFF, 

    TorchVision: 0.23.0+cu128
    OpenCV: 4.11.0
    MMEngine: 0.10.7

Runtime environment:
    cudnn_benchmark: False
    mp_cfg: {'mp_start_method': 'fork', 'opencv_num_threads': 0}
    dist_cfg: {'backend': 'nccl'}
    seed: 42
    deterministic: False
    Distributed launcher: none
    Distributed training: False
    GPU number: 1
------------------------------------------------------------

2026/09/18 13:10:56 - mmengine - INFO - Config:
BASE_DIR = '/home/ezio-gpu/Documents/Vinith/MMDetection_2'
DATA_ROOT = '/home/ezio-gpu/Documents/Vinith/MMDetection_2/data'
MMDET_ROOT = '/home/ezio-gpu/Documents/Vinith/MMDetection_2/mmdetection'
WORK_DIR = '/home/ezio-gpu/Documents/Vinith/MMDetection_2/work_dirs/packdet_rtmdet_ins'
auto_scale_lr = dict(base_batch_size=16, enable=False)
backend_args = None
base_lr = 0.004
checkpoint = 'https://download.openmmlab.com/mmdetection/v3.0/rtmdet/cspnext_rsb_pretrain/cspnext-s_imagenet_600e.pth'
classes = (
    'plastic_bottle',
    'glass_bottle',
    'can',
    'jar',
    'carton_beverage',
    'tube',
)
custom_hooks = [
    dict(
        clean_cuda=True,
        collect_cpu=True,
        interval=1,
        log_swap=True,
        type='MemoryCleanupHook'),
]
custom_imports = dict(
    allow_failed_imports=False, imports=[
        'memory_cleanup_hook',
    ])
data_root = '/home/ezio-gpu/Documents/Vinith/MMDetection_2/data/'
dataset_type = 'CocoDataset'
default_hooks = dict(
    checkpoint=dict(interval=1, max_keep_ckpts=2, type='CheckpointHook'),
    logger=dict(interval=50, type='LoggerHook'),
    param_scheduler=dict(type='ParamSchedulerHook'),
    sampler_seed=dict(type='DistSamplerSeedHook'),
    timer=dict(type='IterTimerHook'),
    visualization=dict(draw=False, type='DetVisualizationHook'))
default_scope = 'mmdet'
env_cfg = dict(
    cudnn_benchmark=False,
    dist_cfg=dict(backend='nccl'),
    mp_cfg=dict(mp_start_method='fork', opencv_num_threads=0))
img_scales = [
    (
        640,
        640,
    ),
    (
        320,
        320,
    ),
    (
        960,
        960,
    ),
]
interval = 10
launcher = 'none'
load_from = None
log_level = 'INFO'
log_processor = dict(by_epoch=True, type='LogProcessor', window_size=50)
max_epochs = 300
metainfo = dict(
    classes=(
        'plastic_bottle',
        'glass_bottle',
        'can',
        'jar',
        'carton_beverage',
        'tube',
    ))
model = dict(
    backbone=dict(
        act_cfg=dict(inplace=True, type='SiLU'),
        arch='P5',
        channel_attention=True,
        deepen_factor=0.33,
        expand_ratio=0.5,
        init_cfg=dict(
            checkpoint=
            'https://download.openmmlab.com/mmdetection/v3.0/rtmdet/cspnext_rsb_pretrain/cspnext-s_imagenet_600e.pth',
            prefix='backbone.',
            type='Pretrained'),
        norm_cfg=dict(type='SyncBN'),
        type='CSPNeXt',
        widen_factor=0.5),
    bbox_head=dict(
        act_cfg=dict(inplace=True, type='SiLU'),
        anchor_generator=dict(
            offset=0, strides=[
                8,
                16,
                32,
            ], type='MlvlPointGenerator'),
        bbox_coder=dict(type='DistancePointBBoxCoder'),
        feat_channels=128,
        in_channels=128,
        loss_bbox=dict(loss_weight=2.0, type='GIoULoss'),
        loss_cls=dict(
            beta=2.0,
            loss_weight=1.0,
            type='QualityFocalLoss',
            use_sigmoid=True),
        loss_mask=dict(
            eps=5e-06, loss_weight=2.0, reduction='mean', type='DiceLoss'),
        norm_cfg=dict(requires_grad=True, type='SyncBN'),
        num_classes=6,
        pred_kernel_size=1,
        share_conv=True,
        stacked_convs=2,
        type='RTMDetInsSepBNHead'),
    data_preprocessor=dict(
        batch_augments=None,
        bgr_to_rgb=False,
        mean=[
            103.53,
            116.28,
            123.675,
        ],
        std=[
            57.375,
            57.12,
            58.395,
        ],
        type='DetDataPreprocessor'),
    neck=dict(
        act_cfg=dict(inplace=True, type='SiLU'),
        expand_ratio=0.5,
        in_channels=[
            128,
            256,
            512,
        ],
        norm_cfg=dict(type='SyncBN'),
        num_csp_blocks=1,
        out_channels=128,
        type='CSPNeXtPAFPN'),
    test_cfg=dict(
        mask_thr_binary=0.5,
        max_per_img=100,
        min_bbox_size=0,
        nms=dict(iou_threshold=0.6, type='nms'),
        nms_pre=100,
        score_thr=0.05),
    train_cfg=dict(
        allowed_border=-1,
        assigner=dict(topk=13, type='DynamicSoftLabelAssigner'),
        debug=False,
        pos_weight=-1),
    type='RTMDet')
optim_wrapper = dict(
    optimizer=dict(lr=0.0001, type='AdamW', weight_decay=0.05),
    paramwise_cfg=dict(
        bias_decay_mult=0, bypass_duplicate=True, norm_decay_mult=0),
    type='OptimWrapper')
param_scheduler = [
    dict(
        begin=0, by_epoch=False, end=1000, start_factor=1e-05,
        type='LinearLR'),
    dict(
        T_max=150,
        begin=150,
        by_epoch=True,
        convert_to_iter_based=True,
        end=300,
        eta_min=0.0002,
        type='CosineAnnealingLR'),
]
randomness = dict(deterministic=False, seed=42)
resume = False
stage2_num_epochs = 20
test_cfg = None
test_dataloader = None
test_evaluator = None
test_pipeline = [
    dict(backend_args=None, type='LoadImageFromFile'),
    dict(keep_ratio=True, scale=(
        640,
        640,
    ), type='Resize'),
    dict(pad_val=dict(img=(
        114,
        114,
        114,
    )), size=(
        640,
        640,
    ), type='Pad'),
    dict(type='LoadAnnotations', with_bbox=True),
    dict(
        meta_keys=(
            'img_id',
            'img_path',
            'ori_shape',
            'img_shape',
            'scale_factor',
        ),
        type='PackDetInputs'),
]
train_cfg = dict(
    dynamic_intervals=[
        (
            280,
            1,
        ),
    ],
    max_epochs=25,
    type='EpochBasedTrainLoop',
    val_interval=999999)
train_dataloader = dict(
    batch_sampler=None,
    batch_size=2,
    dataset=dict(
        ann_file='annotations/instances_train.json',
        backend_args=None,
        data_prefix=dict(img='images/Train/'),
        data_root='/home/ezio-gpu/Documents/Vinith/MMDetection_2/data/',
        filter_cfg=dict(filter_empty_gt=True, min_size=32),
        metainfo=dict(
            classes=(
                'plastic_bottle',
                'glass_bottle',
                'can',
                'jar',
                'carton_beverage',
                'tube',
            )),
        pipeline=[
            dict(backend_args=None, type='LoadImageFromFile'),
            dict(
                poly2mask=False,
                type='LoadAnnotations',
                with_bbox=True,
                with_mask=True),
            dict(img_scale=(
                640,
                640,
            ), pad_val=114.0, type='CachedMosaic'),
            dict(
                keep_ratio=True,
                ratio_range=(
                    0.5,
                    2.0,
                ),
                scale=(
                    1280,
                    1280,
                ),
                type='RandomResize'),
            dict(
                allow_negative_crop=True,
                crop_size=(
                    640,
                    640,
                ),
                recompute_bbox=True,
                type='RandomCrop'),
            dict(type='YOLOXHSVRandomAug'),
            dict(prob=0.5, type='RandomFlip'),
            dict(
                pad_val=dict(img=(
                    114,
                    114,
                    114,
                )),
                size=(
                    640,
                    640,
                ),
                type='Pad'),
            dict(
                img_scale=(
                    640,
                    640,
                ),
                max_cached_images=20,
                pad_val=(
                    114,
                    114,
                    114,
                ),
                ratio_range=(
                    1.0,
                    1.0,
                ),
                type='CachedMixUp'),
            dict(min_gt_bbox_wh=(
                1,
                1,
            ), type='FilterAnnotations'),
            dict(type='PackDetInputs'),
        ],
        type='CocoDataset'),
    num_workers=2,
    persistent_workers=False,
    pin_memory=True,
    sampler=dict(shuffle=True, type='DefaultSampler'))
train_pipeline = [
    dict(backend_args=None, type='LoadImageFromFile'),
    dict(
        poly2mask=False,
        type='LoadAnnotations',
        with_bbox=True,
        with_mask=True),
    dict(img_scale=(
        640,
        640,
    ), pad_val=114.0, type='CachedMosaic'),
    dict(
        keep_ratio=True,
        ratio_range=(
            0.5,
            2.0,
        ),
        scale=(
            1280,
            1280,
        ),
        type='RandomResize'),
    dict(
        allow_negative_crop=True,
        crop_size=(
            640,
            640,
        ),
        recompute_bbox=True,
        type='RandomCrop'),
    dict(type='YOLOXHSVRandomAug'),
    dict(prob=0.5, type='RandomFlip'),
    dict(pad_val=dict(img=(
        114,
        114,
        114,
    )), size=(
        640,
        640,
    ), type='Pad'),
    dict(
        img_scale=(
            640,
            640,
        ),
        max_cached_images=20,
        pad_val=(
            114,
            114,
            114,
        ),
        ratio_range=(
            1.0,
            1.0,
        ),
        type='CachedMixUp'),
    dict(min_gt_bbox_wh=(
        1,
        1,
    ), type='FilterAnnotations'),
    dict(type='PackDetInputs'),
]
train_pipeline_stage2 = [
    dict(backend_args=None, type='LoadImageFromFile'),
    dict(
        poly2mask=False,
        type='LoadAnnotations',
        with_bbox=True,
        with_mask=True),
    dict(
        keep_ratio=True,
        ratio_range=(
            0.5,
            2.0,
        ),
        scale=(
            640,
            640,
        ),
        type='RandomResize'),
    dict(
        allow_negative_crop=True,
        crop_size=(
            640,
            640,
        ),
        recompute_bbox=True,
        type='RandomCrop'),
    dict(min_gt_bbox_wh=(
        1,
        1,
    ), type='FilterAnnotations'),
    dict(type='YOLOXHSVRandomAug'),
    dict(prob=0.5, type='RandomFlip'),
    dict(pad_val=dict(img=(
        114,
        114,
        114,
    )), size=(
        640,
        640,
    ), type='Pad'),
    dict(type='PackDetInputs'),
]
tta_model = dict(
    tta_cfg=dict(max_per_img=100, nms=dict(iou_threshold=0.6, type='nms')),
    type='DetTTAModel')
tta_pipeline = [
    dict(backend_args=None, type='LoadImageFromFile'),
    dict(
        transforms=[
            [
                dict(keep_ratio=True, scale=(
                    640,
                    640,
                ), type='Resize'),
                dict(keep_ratio=True, scale=(
                    320,
                    320,
                ), type='Resize'),
                dict(keep_ratio=True, scale=(
                    960,
                    960,
                ), type='Resize'),
            ],
            [
                dict(prob=1.0, type='RandomFlip'),
                dict(prob=0.0, type='RandomFlip'),
            ],
            [
                dict(
                    pad_val=dict(img=(
                        114,
                        114,
                        114,
                    )),
                    size=(
                        960,
                        960,
                    ),
                    type='Pad'),
            ],
            [
                dict(type='LoadAnnotations', with_bbox=True),
            ],
            [
                dict(
                    meta_keys=(
                        'img_id',
                        'img_path',
                        'ori_shape',
                        'img_shape',
                        'scale_factor',
                        'flip',
                        'flip_direction',
                    ),
                    type='PackDetInputs'),
            ],
        ],
        type='TestTimeAug'),
]
val_cfg = None
val_dataloader = None
val_evaluator = None
vis_backends = [
    dict(type='LocalVisBackend'),
]
visualizer = dict(
    name='visualizer',
    type='DetLocalVisualizer',
    vis_backends=[
        dict(type='LocalVisBackend'),
    ])
work_dir = '/home/ezio-gpu/Documents/Vinith/MMDetection_2/work_dirs/packdet_rtmdet_ins'

2026/09/18 13:10:58 - mmengine - INFO - Distributed training is not used, all SyncBatchNorm (SyncBN) layers in the model will be automatically reverted to BatchNormXd layers if they are used.
2026/09/18 13:10:58 - mmengine - INFO - Hooks will be executed in the following order:
before_run:
(VERY_HIGH   ) RuntimeInfoHook                    
(BELOW_NORMAL) LoggerHook                         
 -------------------- 
before_train:
(VERY_HIGH   ) RuntimeInfoHook                    
(NORMAL      ) IterTimerHook                      
(LOW         ) MemoryCleanupHook                  
(VERY_LOW    ) CheckpointHook                     
 -------------------- 
before_train_epoch:
(VERY_HIGH   ) RuntimeInfoHook                    
(NORMAL      ) IterTimerHook                      
(NORMAL      ) DistSamplerSeedHook                
 -------------------- 
before_train_iter:
(VERY_HIGH   ) RuntimeInfoHook                    
(NORMAL      ) IterTimerHook                      
 -------------------- 
after_train_iter:
(VERY_HIGH   ) RuntimeInfoHook                    
(NORMAL      ) IterTimerHook                      
(BELOW_NORMAL) LoggerHook                         
(LOW         ) ParamSchedulerHook                 
(VERY_LOW    ) CheckpointHook                     
 -------------------- 
after_train_epoch:
(NORMAL      ) IterTimerHook                      
(LOW         ) ParamSchedulerHook                 
(LOW         ) MemoryCleanupHook                  
(VERY_LOW    ) CheckpointHook                     
 -------------------- 
before_val:
(VERY_HIGH   ) RuntimeInfoHook                    
 -------------------- 
before_val_epoch:
(NORMAL      ) IterTimerHook                      
 -------------------- 
before_val_iter:
(NORMAL      ) IterTimerHook                      
 -------------------- 
after_val_iter:
(NORMAL      ) IterTimerHook                      
(NORMAL      ) DetVisualizationHook               
(BELOW_NORMAL) LoggerHook                         
 -------------------- 
after_val_epoch:
(VERY_HIGH   ) RuntimeInfoHook                    
(NORMAL      ) IterTimerHook                      
(BELOW_NORMAL) LoggerHook                         
(LOW         ) ParamSchedulerHook                 
(VERY_LOW    ) CheckpointHook                     
 -------------------- 
after_val:
(VERY_HIGH   ) RuntimeInfoHook                    
 -------------------- 
after_train:
(VERY_HIGH   ) RuntimeInfoHook                    
(VERY_LOW    ) CheckpointHook                     
 -------------------- 
before_test:
(VERY_HIGH   ) RuntimeInfoHook                    
 -------------------- 
before_test_epoch:
(NORMAL      ) IterTimerHook                      
 -------------------- 
before_test_iter:
(NORMAL      ) IterTimerHook                      
 -------------------- 
after_test_iter:
(NORMAL      ) IterTimerHook                      
(NORMAL      ) DetVisualizationHook               
(BELOW_NORMAL) LoggerHook                         
 -------------------- 
after_test_epoch:
(VERY_HIGH   ) RuntimeInfoHook                    
(NORMAL      ) IterTimerHook                      
(BELOW_NORMAL) LoggerHook                         
 -------------------- 
after_test:
(VERY_HIGH   ) RuntimeInfoHook                    
 -------------------- 
after_run:
(BELOW_NORMAL) LoggerHook                         
 -------------------- 
2026/09/18 13:10:59 - mmengine - INFO - paramwise_options -- backbone.stem.0.bn.weight:weight_decay=0.0
2026/09/18 13:10:59 - mmengine - INFO - paramwise_options -- backbone.stem.0.bn.bias:weight_decay=0.0
2026/09/18 13:10:59 - mmengine - INFO - paramwise_options -- backbone.stem.1.bn.weight:weight_decay=0.0
2026/09/18 13:10:59 - mmengine - INFO - paramwise_options -- backbone.stem.1.bn.bias:weight_decay=0.0
2026/09/18 13:10:59 - mmengine - INFO - paramwise_options -- backbone.stem.2.bn.weight:weight_decay=0.0
2026/09/18 13:10:59 - mmengine - INFO - paramwise_options -- backbone.stem.2.bn.bias:weight_decay=0.0
2026/09/18 13:10:59 - mmengine - INFO - paramwise_options -- backbone.stage1.0.bn.weight:weight_decay=0.0
2026/09/18 13:10:59 - mmengine - INFO - paramwise_options -- backbone.stage1.0.bn.bias:weight_decay=0.0
2026/09/18 13:10:59 - mmengine - INFO - paramwise_options -- backbone.stage1.1.main_conv.bn.weight:weight_decay=0.0
2026/09/18 13:10:59 - mmengine - INFO - paramwise_options -- backbone.stage1.1.main_conv.bn.bias:weight_decay=0.0
2026/09/18 13:10:59 - mmengine - INFO - paramwise_options -- backbone.stage1.1.short_conv.bn.weight:weight_decay=0.0
2026/09/18 13:10:59 - mmengine - INFO - paramwise_options -- backbone.stage1.1.short_conv.bn.bias:weight_decay=0.0
2026/09/18 13:10:59 - mmengine - INFO - paramwise_options -- backbone.stage1.1.final_conv.bn.weight:weight_decay=0.0
2026/09/18 13:10:59 - mmengine - INFO - paramwise_options -- backbone.stage1.1.final_conv.bn.bias:weight_decay=0.0
2026/09/18 13:10:59 - mmengine - INFO - paramwise_options -- backbone.stage1.1.blocks.0.conv1.bn.weight:weight_decay=0.0
2026/09/18 13:10:59 - mmengine - INFO - paramwise_options -- backbone.stage1.1.blocks.0.conv1.bn.bias:weight_decay=0.0
2026/09/18 13:10:59 - mmengine - INFO - paramwise_options -- backbone.stage1.1.blocks.0.conv2.depthwise_conv.bn.weight:weight_decay=0.0
2026/09/18 13:10:59 - mmengine - INFO - paramwise_options -- backbone.stage1.1.blocks.0.conv2.depthwise_conv.bn.bias:weight_decay=0.0
2026/09/18 13:10:59 - mmengine - INFO - paramwise_options -- backbone.stage1.1.blocks.0.conv2.pointwise_conv.bn.weight:weight_decay=0.0
2026/09/18 13:10:59 - mmengine - INFO - paramwise_options -- backbone.stage1.1.blocks.0.conv2.pointwise_conv.bn.bias:weight_decay=0.0
2026/09/18 13:10:59 - mmengine - INFO - paramwise_options -- backbone.stage1.1.attention.fc.bias:weight_decay=0.0
2026/09/18 13:10:59 - mmengine - INFO - paramwise_options -- backbone.stage2.0.bn.weight:weight_decay=0.0
2026/09/18 13:10:59 - mmengine - INFO - paramwise_options -- backbone.stage2.0.bn.bias:weight_decay=0.0
2026/09/18 13:10:59 - mmengine - INFO - paramwise_options -- backbone.stage2.1.main_conv.bn.weight:weight_decay=0.0
2026/09/18 13:10:59 - mmengine - INFO - paramwise_options -- backbone.stage2.1.main_conv.bn.bias:weight_decay=0.0
2026/09/18 13:10:59 - mmengine - INFO - paramwise_options -- backbone.stage2.1.short_conv.bn.weight:weight_decay=0.0
2026/09/18 13:10:59 - mmengine - INFO - paramwise_options -- backbone.stage2.1.short_conv.bn.bias:weight_decay=0.0
2026/09/18 13:10:59 - mmengine - INFO - paramwise_options -- backbone.stage2.1.final_conv.bn.weight:weight_decay=0.0
2026/09/18 13:10:59 - mmengine - INFO - paramwise_options -- backbone.stage2.1.final_conv.bn.bias:weight_decay=0.0
2026/09/18 13:10:59 - mmengine - INFO - paramwise_options -- backbone.stage2.1.blocks.0.conv1.bn.weight:weight_decay=0.0
2026/09/18 13:10:59 - mmengine - INFO - paramwise_options -- backbone.stage2.1.blocks.0.conv1.bn.bias:weight_decay=0.0
2026/09/18 13:10:59 - mmengine - INFO - paramwise_options -- backbone.stage2.1.blocks.0.conv2.depthwise_conv.bn.weight:weight_decay=0.0
2026/09/18 13:10:59 - mmengine - INFO - paramwise_options -- backbone.stage2.1.blocks.0.conv2.depthwise_conv.bn.bias:weight_decay=0.0
2026/09/18 13:10:59 - mmengine - INFO - paramwise_options -- backbone.stage2.1.blocks.0.conv2.pointwise_conv.bn.weight:weight_decay=0.0
2026/09/18 13:10:59 - mmengine - INFO - paramwise_options -- backbone.stage2.1.blocks.0.conv2.pointwise_conv.bn.bias:weight_decay=0.0
2026/09/18 13:10:59 - mmengine - INFO - paramwise_options -- backbone.stage2.1.blocks.1.conv1.bn.weight:weight_decay=0.0
2026/09/18 13:10:59 - mmengine - INFO - paramwise_options -- backbone.stage2.1.blocks.1.conv1.bn.bias:weight_decay=0.0
2026/09/18 13:10:59 - mmengine - INFO - paramwise_options -- backbone.stage2.1.blocks.1.conv2.depthwise_conv.bn.weight:weight_decay=0.0
2026/09/18 13:10:59 - mmengine - INFO - paramwise_options -- backbone.stage2.1.blocks.1.conv2.depthwise_conv.bn.bias:weight_decay=0.0
2026/09/18 13:10:59 - mmengine - INFO - paramwise_options -- backbone.stage2.1.blocks.1.conv2.pointwise_conv.bn.weight:weight_decay=0.0
2026/09/18 13:10:59 - mmengine - INFO - paramwise_options -- backbone.stage2.1.blocks.1.conv2.pointwise_conv.bn.bias:weight_decay=0.0
2026/09/18 13:10:59 - mmengine - INFO - paramwise_options -- backbone.stage2.1.attention.fc.bias:weight_decay=0.0
2026/09/18 13:10:59 - mmengine - INFO - paramwise_options -- backbone.stage3.0.bn.weight:weight_decay=0.0
2026/09/18 13:10:59 - mmengine - INFO - paramwise_options -- backbone.stage3.0.bn.bias:weight_decay=0.0
2026/09/18 13:10:59 - mmengine - INFO - paramwise_options -- backbone.stage3.1.main_conv.bn.weight:weight_decay=0.0
2026/09/18 13:10:59 - mmengine - INFO - paramwise_options -- backbone.stage3.1.main_conv.bn.bias:weight_decay=0.0
2026/09/18 13:10:59 - mmengine - INFO - paramwise_options -- backbone.stage3.1.short_conv.bn.weight:weight_decay=0.0
2026/09/18 13:10:59 - mmengine - INFO - paramwise_options -- backbone.stage3.1.short_conv.bn.bias:weight_decay=0.0
2026/09/18 13:10:59 - mmengine - INFO - paramwise_options -- backbone.stage3.1.final_conv.bn.weight:weight_decay=0.0
2026/09/18 13:10:59 - mmengine - INFO - paramwise_options -- backbone.stage3.1.final_conv.bn.bias:weight_decay=0.0
2026/09/18 13:10:59 - mmengine - INFO - paramwise_options -- backbone.stage3.1.blocks.0.conv1.bn.weight:weight_decay=0.0
2026/09/18 13:10:59 - mmengine - INFO - paramwise_options -- backbone.stage3.1.blocks.0.conv1.bn.bias:weight_decay=0.0
2026/09/18 13:10:59 - mmengine - INFO - paramwise_options -- backbone.stage3.1.blocks.0.conv2.depthwise_conv.bn.weight:weight_decay=0.0
2026/09/18 13:10:59 - mmengine - INFO - paramwise_options -- backbone.stage3.1.blocks.0.conv2.depthwise_conv.bn.bias:weight_decay=0.0
2026/09/18 13:10:59 - mmengine - INFO - paramwise_options -- backbone.stage3.1.blocks.0.conv2.pointwise_conv.bn.weight:weight_decay=0.0
2026/09/18 13:10:59 - mmengine - INFO - paramwise_options -- backbone.stage3.1.blocks.0.conv2.pointwise_conv.bn.bias:weight_decay=0.0
2026/09/18 13:10:59 - mmengine - INFO - paramwise_options -- backbone.stage3.1.blocks.1.conv1.bn.weight:weight_decay=0.0
2026/09/18 13:10:59 - mmengine - INFO - paramwise_options -- backbone.stage3.1.blocks.1.conv1.bn.bias:weight_decay=0.0
2026/09/18 13:10:59 - mmengine - INFO - paramwise_options -- backbone.stage3.1.blocks.1.conv2.depthwise_conv.bn.weight:weight_decay=0.0
2026/09/18 13:10:59 - mmengine - INFO - paramwise_options -- backbone.stage3.1.blocks.1.conv2.depthwise_conv.bn.bias:weight_decay=0.0
2026/09/18 13:10:59 - mmengine - INFO - paramwise_options -- backbone.stage3.1.blocks.1.conv2.pointwise_conv.bn.weight:weight_decay=0.0
2026/09/18 13:10:59 - mmengine - INFO - paramwise_options -- backbone.stage3.1.blocks.1.conv2.pointwise_conv.bn.bias:weight_decay=0.0
2026/09/18 13:10:59 - mmengine - INFO - paramwise_options -- backbone.stage3.1.attention.fc.bias:weight_decay=0.0
2026/09/18 13:10:59 - mmengine - INFO - paramwise_options -- backbone.stage4.0.bn.weight:weight_decay=0.0
2026/09/18 13:10:59 - mmengine - INFO - paramwise_options -- backbone.stage4.0.bn.bias:weight_decay=0.0
2026/09/18 13:10:59 - mmengine - INFO - paramwise_options -- backbone.stage4.1.conv1.bn.weight:weight_decay=0.0
2026/09/18 13:10:59 - mmengine - INFO - paramwise_options -- backbone.stage4.1.conv1.bn.bias:weight_decay=0.0
2026/09/18 13:10:59 - mmengine - INFO - paramwise_options -- backbone.stage4.1.conv2.bn.weight:weight_decay=0.0
2026/09/18 13:10:59 - mmengine - INFO - paramwise_options -- backbone.stage4.1.conv2.bn.bias:weight_decay=0.0
2026/09/18 13:10:59 - mmengine - INFO - paramwise_options -- backbone.stage4.2.main_conv.bn.weight:weight_decay=0.0
2026/09/18 13:10:59 - mmengine - INFO - paramwise_options -- backbone.stage4.2.main_conv.bn.bias:weight_decay=0.0
2026/09/18 13:10:59 - mmengine - INFO - paramwise_options -- backbone.stage4.2.short_conv.bn.weight:weight_decay=0.0
2026/09/18 13:10:59 - mmengine - INFO - paramwise_options -- backbone.stage4.2.short_conv.bn.bias:weight_decay=0.0
2026/09/18 13:10:59 - mmengine - INFO - paramwise_options -- backbone.stage4.2.final_conv.bn.weight:weight_decay=0.0
2026/09/18 13:10:59 - mmengine - INFO - paramwise_options -- backbone.stage4.2.final_conv.bn.bias:weight_decay=0.0
2026/09/18 13:10:59 - mmengine - INFO - paramwise_options -- backbone.stage4.2.blocks.0.conv1.bn.weight:weight_decay=0.0
2026/09/18 13:10:59 - mmengine - INFO - paramwise_options -- backbone.stage4.2.blocks.0.conv1.bn.bias:weight_decay=0.0
2026/09/18 13:10:59 - mmengine - INFO - paramwise_options -- backbone.stage4.2.blocks.0.conv2.depthwise_conv.bn.weight:weight_decay=0.0
2026/09/18 13:10:59 - mmengine - INFO - paramwise_options -- backbone.stage4.2.blocks.0.conv2.depthwise_conv.bn.bias:weight_decay=0.0
2026/09/18 13:10:59 - mmengine - INFO - paramwise_options -- backbone.stage4.2.blocks.0.conv2.pointwise_conv.bn.weight:weight_decay=0.0
2026/09/18 13:10:59 - mmengine - INFO - paramwise_options -- backbone.stage4.2.blocks.0.conv2.pointwise_conv.bn.bias:weight_decay=0.0
2026/09/18 13:10:59 - mmengine - INFO - paramwise_options -- backbone.stage4.2.attention.fc.bias:weight_decay=0.0
2026/09/18 13:10:59 - mmengine - INFO - paramwise_options -- neck.reduce_layers.0.bn.weight:weight_decay=0.0
2026/09/18 13:10:59 - mmengine - INFO - paramwise_options -- neck.reduce_layers.0.bn.bias:weight_decay=0.0
2026/09/18 13:10:59 - mmengine - INFO - paramwise_options -- neck.reduce_layers.1.bn.weight:weight_decay=0.0
2026/09/18 13:10:59 - mmengine - INFO - paramwise_options -- neck.reduce_layers.1.bn.bias:weight_decay=0.0
2026/09/18 13:10:59 - mmengine - INFO - paramwise_options -- neck.top_down_blocks.0.main_conv.bn.weight:weight_decay=0.0
2026/09/18 13:10:59 - mmengine - INFO - paramwise_options -- neck.top_down_blocks.0.main_conv.bn.bias:weight_decay=0.0
2026/09/18 13:10:59 - mmengine - INFO - paramwise_options -- neck.top_down_blocks.0.short_conv.bn.weight:weight_decay=0.0
2026/09/18 13:10:59 - mmengine - INFO - paramwise_options -- neck.top_down_blocks.0.short_conv.bn.bias:weight_decay=0.0
2026/09/18 13:10:59 - mmengine - INFO - paramwise_options -- neck.top_down_blocks.0.final_conv.bn.weight:weight_decay=0.0
2026/09/18 13:10:59 - mmengine - INFO - paramwise_options -- neck.top_down_blocks.0.final_conv.bn.bias:weight_decay=0.0
2026/09/18 13:10:59 - mmengine - INFO - paramwise_options -- neck.top_down_blocks.0.blocks.0.conv1.bn.weight:weight_decay=0.0
2026/09/18 13:10:59 - mmengine - INFO - paramwise_options -- neck.top_down_blocks.0.blocks.0.conv1.bn.bias:weight_decay=0.0
2026/09/18 13:10:59 - mmengine - INFO - paramwise_options -- neck.top_down_blocks.0.blocks.0.conv2.depthwise_conv.bn.weight:weight_decay=0.0
2026/09/18 13:10:59 - mmengine - INFO - paramwise_options -- neck.top_down_blocks.0.blocks.0.conv2.depthwise_conv.bn.bias:weight_decay=0.0
2026/09/18 13:10:59 - mmengine - INFO - paramwise_options -- neck.top_down_blocks.0.blocks.0.conv2.pointwise_conv.bn.weight:weight_decay=0.0
2026/09/18 13:10:59 - mmengine - INFO - paramwise_options -- neck.top_down_blocks.0.blocks.0.conv2.pointwise_conv.bn.bias:weight_decay=0.0
2026/09/18 13:10:59 - mmengine - INFO - paramwise_options -- neck.top_down_blocks.1.main_conv.bn.weight:weight_decay=0.0
2026/09/18 13:10:59 - mmengine - INFO - paramwise_options -- neck.top_down_blocks.1.main_conv.bn.bias:weight_decay=0.0
2026/09/18 13:10:59 - mmengine - INFO - paramwise_options -- neck.top_down_blocks.1.short_conv.bn.weight:weight_decay=0.0
2026/09/18 13:10:59 - mmengine - INFO - paramwise_options -- neck.top_down_blocks.1.short_conv.bn.bias:weight_decay=0.0
2026/09/18 13:10:59 - mmengine - INFO - paramwise_options -- neck.top_down_blocks.1.final_conv.bn.weight:weight_decay=0.0
2026/09/18 13:10:59 - mmengine - INFO - paramwise_options -- neck.top_down_blocks.1.final_conv.bn.bias:weight_decay=0.0
2026/09/18 13:10:59 - mmengine - INFO - paramwise_options -- neck.top_down_blocks.1.blocks.0.conv1.bn.weight:weight_decay=0.0
2026/09/18 13:10:59 - mmengine - INFO - paramwise_options -- neck.top_down_blocks.1.blocks.0.conv1.bn.bias:weight_decay=0.0
2026/09/18 13:10:59 - mmengine - INFO - paramwise_options -- neck.top_down_blocks.1.blocks.0.conv2.depthwise_conv.bn.weight:weight_decay=0.0
2026/09/18 13:10:59 - mmengine - INFO - paramwise_options -- neck.top_down_blocks.1.blocks.0.conv2.depthwise_conv.bn.bias:weight_decay=0.0
2026/09/18 13:10:59 - mmengine - INFO - paramwise_options -- neck.top_down_blocks.1.blocks.0.conv2.pointwise_conv.bn.weight:weight_decay=0.0
2026/09/18 13:10:59 - mmengine - INFO - paramwise_options -- neck.top_down_blocks.1.blocks.0.conv2.pointwise_conv.bn.bias:weight_decay=0.0
2026/09/18 13:10:59 - mmengine - INFO - paramwise_options -- neck.downsamples.0.bn.weight:weight_decay=0.0
2026/09/18 13:10:59 - mmengine - INFO - paramwise_options -- neck.downsamples.0.bn.bias:weight_decay=0.0
2026/09/18 13:10:59 - mmengine - INFO - paramwise_options -- neck.downsamples.1.bn.weight:weight_decay=0.0
2026/09/18 13:10:59 - mmengine - INFO - paramwise_options -- neck.downsamples.1.bn.bias:weight_decay=0.0
2026/09/18 13:10:59 - mmengine - INFO - paramwise_options -- neck.bottom_up_blocks.0.main_conv.bn.weight:weight_decay=0.0
2026/09/18 13:10:59 - mmengine - INFO - paramwise_options -- neck.bottom_up_blocks.0.main_conv.bn.bias:weight_decay=0.0
2026/09/18 13:10:59 - mmengine - INFO - paramwise_options -- neck.bottom_up_blocks.0.short_conv.bn.weight:weight_decay=0.0
2026/09/18 13:10:59 - mmengine - INFO - paramwise_options -- neck.bottom_up_blocks.0.short_conv.bn.bias:weight_decay=0.0
2026/09/18 13:10:59 - mmengine - INFO - paramwise_options -- neck.bottom_up_blocks.0.final_conv.bn.weight:weight_decay=0.0
2026/09/18 13:10:59 - mmengine - INFO - paramwise_options -- neck.bottom_up_blocks.0.final_conv.bn.bias:weight_decay=0.0
2026/09/18 13:10:59 - mmengine - INFO - paramwise_options -- neck.bottom_up_blocks.0.blocks.0.conv1.bn.weight:weight_decay=0.0
2026/09/18 13:10:59 - mmengine - INFO - paramwise_options -- neck.bottom_up_blocks.0.blocks.0.conv1.bn.bias:weight_decay=0.0
2026/09/18 13:10:59 - mmengine - INFO - paramwise_options -- neck.bottom_up_blocks.0.blocks.0.conv2.depthwise_conv.bn.weight:weight_decay=0.0
2026/09/18 13:10:59 - mmengine - INFO - paramwise_options -- neck.bottom_up_blocks.0.blocks.0.conv2.depthwise_conv.bn.bias:weight_decay=0.0
2026/09/18 13:10:59 - mmengine - INFO - paramwise_options -- neck.bottom_up_blocks.0.blocks.0.conv2.pointwise_conv.bn.weight:weight_decay=0.0
2026/09/18 13:10:59 - mmengine - INFO - paramwise_options -- neck.bottom_up_blocks.0.blocks.0.conv2.pointwise_conv.bn.bias:weight_decay=0.0
2026/09/18 13:10:59 - mmengine - INFO - paramwise_options -- neck.bottom_up_blocks.1.main_conv.bn.weight:weight_decay=0.0
2026/09/18 13:10:59 - mmengine - INFO - paramwise_options -- neck.bottom_up_blocks.1.main_conv.bn.bias:weight_decay=0.0
2026/09/18 13:10:59 - mmengine - INFO - paramwise_options -- neck.bottom_up_blocks.1.short_conv.bn.weight:weight_decay=0.0
2026/09/18 13:10:59 - mmengine - INFO - paramwise_options -- neck.bottom_up_blocks.1.short_conv.bn.bias:weight_decay=0.0
2026/09/18 13:10:59 - mmengine - INFO - paramwise_options -- neck.bottom_up_blocks.1.final_conv.bn.weight:weight_decay=0.0
2026/09/18 13:10:59 - mmengine - INFO - paramwise_options -- neck.bottom_up_blocks.1.final_conv.bn.bias:weight_decay=0.0
2026/09/18 13:10:59 - mmengine - INFO - paramwise_options -- neck.bottom_up_blocks.1.blocks.0.conv1.bn.weight:weight_decay=0.0
2026/09/18 13:10:59 - mmengine - INFO - paramwise_options -- neck.bottom_up_blocks.1.blocks.0.conv1.bn.bias:weight_decay=0.0
2026/09/18 13:10:59 - mmengine - INFO - paramwise_options -- neck.bottom_up_blocks.1.blocks.0.conv2.depthwise_conv.bn.weight:weight_decay=0.0
2026/09/18 13:10:59 - mmengine - INFO - paramwise_options -- neck.bottom_up_blocks.1.blocks.0.conv2.depthwise_conv.bn.bias:weight_decay=0.0
2026/09/18 13:10:59 - mmengine - INFO - paramwise_options -- neck.bottom_up_blocks.1.blocks.0.conv2.pointwise_conv.bn.weight:weight_decay=0.0
2026/09/18 13:10:59 - mmengine - INFO - paramwise_options -- neck.bottom_up_blocks.1.blocks.0.conv2.pointwise_conv.bn.bias:weight_decay=0.0
2026/09/18 13:10:59 - mmengine - INFO - paramwise_options -- neck.out_convs.0.bn.weight:weight_decay=0.0
2026/09/18 13:10:59 - mmengine - INFO - paramwise_options -- neck.out_convs.0.bn.bias:weight_decay=0.0
2026/09/18 13:10:59 - mmengine - INFO - paramwise_options -- neck.out_convs.1.bn.weight:weight_decay=0.0
2026/09/18 13:10:59 - mmengine - INFO - paramwise_options -- neck.out_convs.1.bn.bias:weight_decay=0.0
2026/09/18 13:10:59 - mmengine - INFO - paramwise_options -- neck.out_convs.2.bn.weight:weight_decay=0.0
2026/09/18 13:10:59 - mmengine - INFO - paramwise_options -- neck.out_convs.2.bn.bias:weight_decay=0.0
2026/09/18 13:10:59 - mmengine - INFO - paramwise_options -- bbox_head.cls_convs.0.0.bn.weight:weight_decay=0.0
2026/09/18 13:10:59 - mmengine - INFO - paramwise_options -- bbox_head.cls_convs.0.0.bn.bias:weight_decay=0.0
2026/09/18 13:10:59 - mmengine - INFO - paramwise_options -- bbox_head.cls_convs.0.1.bn.weight:weight_decay=0.0
2026/09/18 13:10:59 - mmengine - INFO - paramwise_options -- bbox_head.cls_convs.0.1.bn.bias:weight_decay=0.0
2026/09/18 13:10:59 - mmengine - WARNING - bbox_head.cls_convs.1.0.conv is duplicate. It is skipped since bypass_duplicate=True
2026/09/18 13:10:59 - mmengine - INFO - paramwise_options -- bbox_head.cls_convs.1.0.bn.weight:weight_decay=0.0
2026/09/18 13:10:59 - mmengine - INFO - paramwise_options -- bbox_head.cls_convs.1.0.bn.bias:weight_decay=0.0
2026/09/18 13:10:59 - mmengine - WARNING - bbox_head.cls_convs.1.1.conv is duplicate. It is skipped since bypass_duplicate=True
2026/09/18 13:10:59 - mmengine - INFO - paramwise_options -- bbox_head.cls_convs.1.1.bn.weight:weight_decay=0.0
2026/09/18 13:10:59 - mmengine - INFO - paramwise_options -- bbox_head.cls_convs.1.1.bn.bias:weight_decay=0.0
2026/09/18 13:10:59 - mmengine - WARNING - bbox_head.cls_convs.2.0.conv is duplicate. It is skipped since bypass_duplicate=True
2026/09/18 13:10:59 - mmengine - INFO - paramwise_options -- bbox_head.cls_convs.2.0.bn.weight:weight_decay=0.0
2026/09/18 13:10:59 - mmengine - INFO - paramwise_options -- bbox_head.cls_convs.2.0.bn.bias:weight_decay=0.0
2026/09/18 13:10:59 - mmengine - WARNING - bbox_head.cls_convs.2.1.conv is duplicate. It is skipped since bypass_duplicate=True
2026/09/18 13:10:59 - mmengine - INFO - paramwise_options -- bbox_head.cls_convs.2.1.bn.weight:weight_decay=0.0
2026/09/18 13:10:59 - mmengine - INFO - paramwise_options -- bbox_head.cls_convs.2.1.bn.bias:weight_decay=0.0
2026/09/18 13:10:59 - mmengine - WARNING - bbox_head.reg_convs.0.0.conv is duplicate. It is skipped since bypass_duplicate=True
2026/09/18 13:10:59 - mmengine - WARNING - bbox_head.reg_convs.0.0.bn is duplicate. It is skipped since bypass_duplicate=True
2026/09/18 13:10:59 - mmengine - WARNING - bbox_head.reg_convs.0.1.conv is duplicate. It is skipped since bypass_duplicate=True
2026/09/18 13:10:59 - mmengine - WARNING - bbox_head.reg_convs.0.1.bn is duplicate. It is skipped since bypass_duplicate=True
2026/09/18 13:10:59 - mmengine - WARNING - bbox_head.reg_convs.1.0.conv is duplicate. It is skipped since bypass_duplicate=True
2026/09/18 13:10:59 - mmengine - WARNING - bbox_head.reg_convs.1.0.bn is duplicate. It is skipped since bypass_duplicate=True
2026/09/18 13:10:59 - mmengine - WARNING - bbox_head.reg_convs.1.1.conv is duplicate. It is skipped since bypass_duplicate=True
2026/09/18 13:10:59 - mmengine - WARNING - bbox_head.reg_convs.1.1.bn is duplicate. It is skipped since bypass_duplicate=True
2026/09/18 13:10:59 - mmengine - WARNING - bbox_head.reg_convs.2.0.conv is duplicate. It is skipped since bypass_duplicate=True
2026/09/18 13:10:59 - mmengine - WARNING - bbox_head.reg_convs.2.0.bn is duplicate. It is skipped since bypass_duplicate=True
2026/09/18 13:10:59 - mmengine - WARNING - bbox_head.reg_convs.2.1.conv is duplicate. It is skipped since bypass_duplicate=True
2026/09/18 13:10:59 - mmengine - WARNING - bbox_head.reg_convs.2.1.bn is duplicate. It is skipped since bypass_duplicate=True
2026/09/18 13:10:59 - mmengine - INFO - paramwise_options -- bbox_head.kernel_convs.0.0.bn.weight:weight_decay=0.0
2026/09/18 13:10:59 - mmengine - INFO - paramwise_options -- bbox_head.kernel_convs.0.0.bn.bias:weight_decay=0.0
2026/09/18 13:10:59 - mmengine - INFO - paramwise_options -- bbox_head.kernel_convs.0.1.bn.weight:weight_decay=0.0
2026/09/18 13:10:59 - mmengine - INFO - paramwise_options -- bbox_head.kernel_convs.0.1.bn.bias:weight_decay=0.0
2026/09/18 13:10:59 - mmengine - INFO - paramwise_options -- bbox_head.kernel_convs.1.0.bn.weight:weight_decay=0.0
2026/09/18 13:10:59 - mmengine - INFO - paramwise_options -- bbox_head.kernel_convs.1.0.bn.bias:weight_decay=0.0
2026/09/18 13:10:59 - mmengine - INFO - paramwise_options -- bbox_head.kernel_convs.1.1.bn.weight:weight_decay=0.0
2026/09/18 13:10:59 - mmengine - INFO - paramwise_options -- bbox_head.kernel_convs.1.1.bn.bias:weight_decay=0.0
2026/09/18 13:10:59 - mmengine - INFO - paramwise_options -- bbox_head.kernel_convs.2.0.bn.weight:weight_decay=0.0
2026/09/18 13:10:59 - mmengine - INFO - paramwise_options -- bbox_head.kernel_convs.2.0.bn.bias:weight_decay=0.0
2026/09/18 13:10:59 - mmengine - INFO - paramwise_options -- bbox_head.kernel_convs.2.1.bn.weight:weight_decay=0.0
2026/09/18 13:10:59 - mmengine - INFO - paramwise_options -- bbox_head.kernel_convs.2.1.bn.bias:weight_decay=0.0
2026/09/18 13:10:59 - mmengine - INFO - paramwise_options -- bbox_head.rtm_cls.0.bias:weight_decay=0.0
2026/09/18 13:10:59 - mmengine - INFO - paramwise_options -- bbox_head.rtm_cls.1.bias:weight_decay=0.0
2026/09/18 13:10:59 - mmengine - INFO - paramwise_options -- bbox_head.rtm_cls.2.bias:weight_decay=0.0
2026/09/18 13:10:59 - mmengine - INFO - paramwise_options -- bbox_head.rtm_reg.0.bias:weight_decay=0.0
2026/09/18 13:10:59 - mmengine - INFO - paramwise_options -- bbox_head.rtm_reg.1.bias:weight_decay=0.0
2026/09/18 13:10:59 - mmengine - INFO - paramwise_options -- bbox_head.rtm_reg.2.bias:weight_decay=0.0
2026/09/18 13:10:59 - mmengine - INFO - paramwise_options -- bbox_head.rtm_kernel.0.bias:weight_decay=0.0
2026/09/18 13:10:59 - mmengine - INFO - paramwise_options -- bbox_head.rtm_kernel.1.bias:weight_decay=0.0
2026/09/18 13:10:59 - mmengine - INFO - paramwise_options -- bbox_head.rtm_kernel.2.bias:weight_decay=0.0
2026/09/18 13:10:59 - mmengine - INFO - paramwise_options -- bbox_head.mask_head.fusion_conv.bias:weight_decay=0.0
2026/09/18 13:10:59 - mmengine - INFO - paramwise_options -- bbox_head.mask_head.stacked_convs.0.bn.weight:weight_decay=0.0
2026/09/18 13:10:59 - mmengine - INFO - paramwise_options -- bbox_head.mask_head.stacked_convs.0.bn.bias:weight_decay=0.0
2026/09/18 13:10:59 - mmengine - INFO - paramwise_options -- bbox_head.mask_head.stacked_convs.1.bn.weight:weight_decay=0.0
2026/09/18 13:10:59 - mmengine - INFO - paramwise_options -- bbox_head.mask_head.stacked_convs.1.bn.bias:weight_decay=0.0
2026/09/18 13:10:59 - mmengine - INFO - paramwise_options -- bbox_head.mask_head.stacked_convs.2.bn.weight:weight_decay=0.0
2026/09/18 13:10:59 - mmengine - INFO - paramwise_options -- bbox_head.mask_head.stacked_convs.2.bn.bias:weight_decay=0.0
2026/09/18 13:10:59 - mmengine - INFO - paramwise_options -- bbox_head.mask_head.stacked_convs.3.bn.weight:weight_decay=0.0
2026/09/18 13:10:59 - mmengine - INFO - paramwise_options -- bbox_head.mask_head.stacked_convs.3.bn.bias:weight_decay=0.0
2026/09/18 13:10:59 - mmengine - INFO - paramwise_options -- bbox_head.mask_head.projection.bias:weight_decay=0.0
2026/09/18 13:10:59 - mmengine - INFO - load backbone. in model from: https://download.openmmlab.com/mmdetection/v3.0/rtmdet/cspnext_rsb_pretrain/cspnext-s_imagenet_600e.pth
Name of parameter - Initialization information

backbone.stem.0.conv.weight - torch.Size([16, 3, 3, 3]): 
PretrainedInit: load from https://download.openmmlab.com/mmdetection/v3.0/rtmdet/cspnext_rsb_pretrain/cspnext-s_imagenet_600e.pth 

backbone.stem.0.bn.weight - torch.Size([16]): 
PretrainedInit: load from https://download.openmmlab.com/mmdetection/v3.0/rtmdet/cspnext_rsb_pretrain/cspnext-s_imagenet_600e.pth 

backbone.stem.0.bn.bias - torch.Size([16]): 
PretrainedInit: load from https://download.openmmlab.com/mmdetection/v3.0/rtmdet/cspnext_rsb_pretrain/cspnext-s_imagenet_600e.pth 

backbone.stem.1.conv.weight - torch.Size([16, 16, 3, 3]): 
PretrainedInit: load from https://download.openmmlab.com/mmdetection/v3.0/rtmdet/cspnext_rsb_pretrain/cspnext-s_imagenet_600e.pth 

backbone.stem.1.bn.weight - torch.Size([16]): 
PretrainedInit: load from https://download.openmmlab.com/mmdetection/v3.0/rtmdet/cspnext_rsb_pretrain/cspnext-s_imagenet_600e.pth 

backbone.stem.1.bn.bias - torch.Size([16]): 
PretrainedInit: load from https://download.openmmlab.com/mmdetection/v3.0/rtmdet/cspnext_rsb_pretrain/cspnext-s_imagenet_600e.pth 

backbone.stem.2.conv.weight - torch.Size([32, 16, 3, 3]): 
PretrainedInit: load from https://download.openmmlab.com/mmdetection/v3.0/rtmdet/cspnext_rsb_pretrain/cspnext-s_imagenet_600e.pth 

backbone.stem.2.bn.weight - torch.Size([32]): 
PretrainedInit: load from https://download.openmmlab.com/mmdetection/v3.0/rtmdet/cspnext_rsb_pretrain/cspnext-s_imagenet_600e.pth 

backbone.stem.2.bn.bias - torch.Size([32]): 
PretrainedInit: load from https://download.openmmlab.com/mmdetection/v3.0/rtmdet/cspnext_rsb_pretrain/cspnext-s_imagenet_600e.pth 

backbone.stage1.0.conv.weight - torch.Size([64, 32, 3, 3]): 
PretrainedInit: load from https://download.openmmlab.com/mmdetection/v3.0/rtmdet/cspnext_rsb_pretrain/cspnext-s_imagenet_600e.pth 

backbone.stage1.0.bn.weight - torch.Size([64]): 
PretrainedInit: load from https://download.openmmlab.com/mmdetection/v3.0/rtmdet/cspnext_rsb_pretrain/cspnext-s_imagenet_600e.pth 

backbone.stage1.0.bn.bias - torch.Size([64]): 
PretrainedInit: load from https://download.openmmlab.com/mmdetection/v3.0/rtmdet/cspnext_rsb_pretrain/cspnext-s_imagenet_600e.pth 

backbone.stage1.1.main_conv.conv.weight - torch.Size([32, 64, 1, 1]): 
PretrainedInit: load from https://download.openmmlab.com/mmdetection/v3.0/rtmdet/cspnext_rsb_pretrain/cspnext-s_imagenet_600e.pth 

backbone.stage1.1.main_conv.bn.weight - torch.Size([32]): 
PretrainedInit: load from https://download.openmmlab.com/mmdetection/v3.0/rtmdet/cspnext_rsb_pretrain/cspnext-s_imagenet_600e.pth 

backbone.stage1.1.main_conv.bn.bias - torch.Size([32]): 
PretrainedInit: load from https://download.openmmlab.com/mmdetection/v3.0/rtmdet/cspnext_rsb_pretrain/cspnext-s_imagenet_600e.pth 

backbone.stage1.1.short_conv.conv.weight - torch.Size([32, 64, 1, 1]): 
PretrainedInit: load from https://download.openmmlab.com/mmdetection/v3.0/rtmdet/cspnext_rsb_pretrain/cspnext-s_imagenet_600e.pth 

backbone.stage1.1.short_conv.bn.weight - torch.Size([32]): 
PretrainedInit: load from https://download.openmmlab.com/mmdetection/v3.0/rtmdet/cspnext_rsb_pretrain/cspnext-s_imagenet_600e.pth 

backbone.stage1.1.short_conv.bn.bias - torch.Size([32]): 
PretrainedInit: load from https://download.openmmlab.com/mmdetection/v3.0/rtmdet/cspnext_rsb_pretrain/cspnext-s_imagenet_600e.pth 

backbone.stage1.1.final_conv.conv.weight - torch.Size([64, 64, 1, 1]): 
PretrainedInit: load from https://download.openmmlab.com/mmdetection/v3.0/rtmdet/cspnext_rsb_pretrain/cspnext-s_imagenet_600e.pth 

backbone.stage1.1.final_conv.bn.weight - torch.Size([64]): 
PretrainedInit: load from https://download.openmmlab.com/mmdetection/v3.0/rtmdet/cspnext_rsb_pretrain/cspnext-s_imagenet_600e.pth 

backbone.stage1.1.final_conv.bn.bias - torch.Size([64]): 
PretrainedInit: load from https://download.openmmlab.com/mmdetection/v3.0/rtmdet/cspnext_rsb_pretrain/cspnext-s_imagenet_600e.pth 

backbone.stage1.1.blocks.0.conv1.conv.weight - torch.Size([32, 32, 3, 3]): 
PretrainedInit: load from https://download.openmmlab.com/mmdetection/v3.0/rtmdet/cspnext_rsb_pretrain/cspnext-s_imagenet_600e.pth 

backbone.stage1.1.blocks.0.conv1.bn.weight - torch.Size([32]): 
PretrainedInit: load from https://download.openmmlab.com/mmdetection/v3.0/rtmdet/cspnext_rsb_pretrain/cspnext-s_imagenet_600e.pth 

backbone.stage1.1.blocks.0.conv1.bn.bias - torch.Size([32]): 
PretrainedInit: load from https://download.openmmlab.com/mmdetection/v3.0/rtmdet/cspnext_rsb_pretrain/cspnext-s_imagenet_600e.pth 

backbone.stage1.1.blocks.0.conv2.depthwise_conv.conv.weight - torch.Size([32, 1, 5, 5]): 
PretrainedInit: load from https://download.openmmlab.com/mmdetection/v3.0/rtmdet/cspnext_rsb_pretrain/cspnext-s_imagenet_600e.pth 

backbone.stage1.1.blocks.0.conv2.depthwise_conv.bn.weight - torch.Size([32]): 
PretrainedInit: load from https://download.openmmlab.com/mmdetection/v3.0/rtmdet/cspnext_rsb_pretrain/cspnext-s_imagenet_600e.pth 

backbone.stage1.1.blocks.0.conv2.depthwise_conv.bn.bias - torch.Size([32]): 
PretrainedInit: load from https://download.openmmlab.com/mmdetection/v3.0/rtmdet/cspnext_rsb_pretrain/cspnext-s_imagenet_600e.pth 

backbone.stage1.1.blocks.0.conv2.pointwise_conv.conv.weight - torch.Size([32, 32, 1, 1]): 
PretrainedInit: load from https://download.openmmlab.com/mmdetection/v3.0/rtmdet/cspnext_rsb_pretrain/cspnext-s_imagenet_600e.pth 

backbone.stage1.1.blocks.0.conv2.pointwise_conv.bn.weight - torch.Size([32]): 
PretrainedInit: load from https://download.openmmlab.com/mmdetection/v3.0/rtmdet/cspnext_rsb_pretrain/cspnext-s_imagenet_600e.pth 

backbone.stage1.1.blocks.0.conv2.pointwise_conv.bn.bias - torch.Size([32]): 
PretrainedInit: load from https://download.openmmlab.com/mmdetection/v3.0/rtmdet/cspnext_rsb_pretrain/cspnext-s_imagenet_600e.pth 

backbone.stage1.1.attention.fc.weight - torch.Size([64, 64, 1, 1]): 
PretrainedInit: load from https://download.openmmlab.com/mmdetection/v3.0/rtmdet/cspnext_rsb_pretrain/cspnext-s_imagenet_600e.pth 

backbone.stage1.1.attention.fc.bias - torch.Size([64]): 
PretrainedInit: load from https://download.openmmlab.com/mmdetection/v3.0/rtmdet/cspnext_rsb_pretrain/cspnext-s_imagenet_600e.pth 

backbone.stage2.0.conv.weight - torch.Size([128, 64, 3, 3]): 
PretrainedInit: load from https://download.openmmlab.com/mmdetection/v3.0/rtmdet/cspnext_rsb_pretrain/cspnext-s_imagenet_600e.pth 

backbone.stage2.0.bn.weight - torch.Size([128]): 
PretrainedInit: load from https://download.openmmlab.com/mmdetection/v3.0/rtmdet/cspnext_rsb_pretrain/cspnext-s_imagenet_600e.pth 

backbone.stage2.0.bn.bias - torch.Size([128]): 
PretrainedInit: load from https://download.openmmlab.com/mmdetection/v3.0/rtmdet/cspnext_rsb_pretrain/cspnext-s_imagenet_600e.pth 

backbone.stage2.1.main_conv.conv.weight - torch.Size([64, 128, 1, 1]): 
PretrainedInit: load from https://download.openmmlab.com/mmdetection/v3.0/rtmdet/cspnext_rsb_pretrain/cspnext-s_imagenet_600e.pth 

backbone.stage2.1.main_conv.bn.weight - torch.Size([64]): 
PretrainedInit: load from https://download.openmmlab.com/mmdetection/v3.0/rtmdet/cspnext_rsb_pretrain/cspnext-s_imagenet_600e.pth 

backbone.stage2.1.main_conv.bn.bias - torch.Size([64]): 
PretrainedInit: load from https://download.openmmlab.com/mmdetection/v3.0/rtmdet/cspnext_rsb_pretrain/cspnext-s_imagenet_600e.pth 

backbone.stage2.1.short_conv.conv.weight - torch.Size([64, 128, 1, 1]): 
PretrainedInit: load from https://download.openmmlab.com/mmdetection/v3.0/rtmdet/cspnext_rsb_pretrain/cspnext-s_imagenet_600e.pth 

backbone.stage2.1.short_conv.bn.weight - torch.Size([64]): 
PretrainedInit: load from https://download.openmmlab.com/mmdetection/v3.0/rtmdet/cspnext_rsb_pretrain/cspnext-s_imagenet_600e.pth 

backbone.stage2.1.short_conv.bn.bias - torch.Size([64]): 
PretrainedInit: load from https://download.openmmlab.com/mmdetection/v3.0/rtmdet/cspnext_rsb_pretrain/cspnext-s_imagenet_600e.pth 

backbone.stage2.1.final_conv.conv.weight - torch.Size([128, 128, 1, 1]): 
PretrainedInit: load from https://download.openmmlab.com/mmdetection/v3.0/rtmdet/cspnext_rsb_pretrain/cspnext-s_imagenet_600e.pth 

backbone.stage2.1.final_conv.bn.weight - torch.Size([128]): 
PretrainedInit: load from https://download.openmmlab.com/mmdetection/v3.0/rtmdet/cspnext_rsb_pretrain/cspnext-s_imagenet_600e.pth 

backbone.stage2.1.final_conv.bn.bias - torch.Size([128]): 
PretrainedInit: load from https://download.openmmlab.com/mmdetection/v3.0/rtmdet/cspnext_rsb_pretrain/cspnext-s_imagenet_600e.pth 

backbone.stage2.1.blocks.0.conv1.conv.weight - torch.Size([64, 64, 3, 3]): 
PretrainedInit: load from https://download.openmmlab.com/mmdetection/v3.0/rtmdet/cspnext_rsb_pretrain/cspnext-s_imagenet_600e.pth 

backbone.stage2.1.blocks.0.conv1.bn.weight - torch.Size([64]): 
PretrainedInit: load from https://download.openmmlab.com/mmdetection/v3.0/rtmdet/cspnext_rsb_pretrain/cspnext-s_imagenet_600e.pth 

backbone.stage2.1.blocks.0.conv1.bn.bias - torch.Size([64]): 
PretrainedInit: load from https://download.openmmlab.com/mmdetection/v3.0/rtmdet/cspnext_rsb_pretrain/cspnext-s_imagenet_600e.pth 

backbone.stage2.1.blocks.0.conv2.depthwise_conv.conv.weight - torch.Size([64, 1, 5, 5]): 
PretrainedInit: load from https://download.openmmlab.com/mmdetection/v3.0/rtmdet/cspnext_rsb_pretrain/cspnext-s_imagenet_600e.pth 

backbone.stage2.1.blocks.0.conv2.depthwise_conv.bn.weight - torch.Size([64]): 
PretrainedInit: load from https://download.openmmlab.com/mmdetection/v3.0/rtmdet/cspnext_rsb_pretrain/cspnext-s_imagenet_600e.pth 

backbone.stage2.1.blocks.0.conv2.depthwise_conv.bn.bias - torch.Size([64]): 
PretrainedInit: load from https://download.openmmlab.com/mmdetection/v3.0/rtmdet/cspnext_rsb_pretrain/cspnext-s_imagenet_600e.pth 

backbone.stage2.1.blocks.0.conv2.pointwise_conv.conv.weight - torch.Size([64, 64, 1, 1]): 
PretrainedInit: load from https://download.openmmlab.com/mmdetection/v3.0/rtmdet/cspnext_rsb_pretrain/cspnext-s_imagenet_600e.pth 

backbone.stage2.1.blocks.0.conv2.pointwise_conv.bn.weight - torch.Size([64]): 
PretrainedInit: load from https://download.openmmlab.com/mmdetection/v3.0/rtmdet/cspnext_rsb_pretrain/cspnext-s_imagenet_600e.pth 

backbone.stage2.1.blocks.0.conv2.pointwise_conv.bn.bias - torch.Size([64]): 
PretrainedInit: load from https://download.openmmlab.com/mmdetection/v3.0/rtmdet/cspnext_rsb_pretrain/cspnext-s_imagenet_600e.pth 

backbone.stage2.1.blocks.1.conv1.conv.weight - torch.Size([64, 64, 3, 3]): 
PretrainedInit: load from https://download.openmmlab.com/mmdetection/v3.0/rtmdet/cspnext_rsb_pretrain/cspnext-s_imagenet_600e.pth 

backbone.stage2.1.blocks.1.conv1.bn.weight - torch.Size([64]): 
PretrainedInit: load from https://download.openmmlab.com/mmdetection/v3.0/rtmdet/cspnext_rsb_pretrain/cspnext-s_imagenet_600e.pth 

backbone.stage2.1.blocks.1.conv1.bn.bias - torch.Size([64]): 
PretrainedInit: load from https://download.openmmlab.com/mmdetection/v3.0/rtmdet/cspnext_rsb_pretrain/cspnext-s_imagenet_600e.pth 

backbone.stage2.1.blocks.1.conv2.depthwise_conv.conv.weight - torch.Size([64, 1, 5, 5]): 
PretrainedInit: load from https://download.openmmlab.com/mmdetection/v3.0/rtmdet/cspnext_rsb_pretrain/cspnext-s_imagenet_600e.pth 

backbone.stage2.1.blocks.1.conv2.depthwise_conv.bn.weight - torch.Size([64]): 
PretrainedInit: load from https://download.openmmlab.com/mmdetection/v3.0/rtmdet/cspnext_rsb_pretrain/cspnext-s_imagenet_600e.pth 

backbone.stage2.1.blocks.1.conv2.depthwise_conv.bn.bias - torch.Size([64]): 
PretrainedInit: load from https://download.openmmlab.com/mmdetection/v3.0/rtmdet/cspnext_rsb_pretrain/cspnext-s_imagenet_600e.pth 

backbone.stage2.1.blocks.1.conv2.pointwise_conv.conv.weight - torch.Size([64, 64, 1, 1]): 
PretrainedInit: load from https://download.openmmlab.com/mmdetection/v3.0/rtmdet/cspnext_rsb_pretrain/cspnext-s_imagenet_600e.pth 

backbone.stage2.1.blocks.1.conv2.pointwise_conv.bn.weight - torch.Size([64]): 
PretrainedInit: load from https://download.openmmlab.com/mmdetection/v3.0/rtmdet/cspnext_rsb_pretrain/cspnext-s_imagenet_600e.pth 

backbone.stage2.1.blocks.1.conv2.pointwise_conv.bn.bias - torch.Size([64]): 
PretrainedInit: load from https://download.openmmlab.com/mmdetection/v3.0/rtmdet/cspnext_rsb_pretrain/cspnext-s_imagenet_600e.pth 

backbone.stage2.1.attention.fc.weight - torch.Size([128, 128, 1, 1]): 
PretrainedInit: load from https://download.openmmlab.com/mmdetection/v3.0/rtmdet/cspnext_rsb_pretrain/cspnext-s_imagenet_600e.pth 

backbone.stage2.1.attention.fc.bias - torch.Size([128]): 
PretrainedInit: load from https://download.openmmlab.com/mmdetection/v3.0/rtmdet/cspnext_rsb_pretrain/cspnext-s_imagenet_600e.pth 

backbone.stage3.0.conv.weight - torch.Size([256, 128, 3, 3]): 
PretrainedInit: load from https://download.openmmlab.com/mmdetection/v3.0/rtmdet/cspnext_rsb_pretrain/cspnext-s_imagenet_600e.pth 

backbone.stage3.0.bn.weight - torch.Size([256]): 
PretrainedInit: load from https://download.openmmlab.com/mmdetection/v3.0/rtmdet/cspnext_rsb_pretrain/cspnext-s_imagenet_600e.pth 

backbone.stage3.0.bn.bias - torch.Size([256]): 
PretrainedInit: load from https://download.openmmlab.com/mmdetection/v3.0/rtmdet/cspnext_rsb_pretrain/cspnext-s_imagenet_600e.pth 

backbone.stage3.1.main_conv.conv.weight - torch.Size([128, 256, 1, 1]): 
PretrainedInit: load from https://download.openmmlab.com/mmdetection/v3.0/rtmdet/cspnext_rsb_pretrain/cspnext-s_imagenet_600e.pth 

backbone.stage3.1.main_conv.bn.weight - torch.Size([128]): 
PretrainedInit: load from https://download.openmmlab.com/mmdetection/v3.0/rtmdet/cspnext_rsb_pretrain/cspnext-s_imagenet_600e.pth 

backbone.stage3.1.main_conv.bn.bias - torch.Size([128]): 
PretrainedInit: load from https://download.openmmlab.com/mmdetection/v3.0/rtmdet/cspnext_rsb_pretrain/cspnext-s_imagenet_600e.pth 

backbone.stage3.1.short_conv.conv.weight - torch.Size([128, 256, 1, 1]): 
PretrainedInit: load from https://download.openmmlab.com/mmdetection/v3.0/rtmdet/cspnext_rsb_pretrain/cspnext-s_imagenet_600e.pth 

backbone.stage3.1.short_conv.bn.weight - torch.Size([128]): 
PretrainedInit: load from https://download.openmmlab.com/mmdetection/v3.0/rtmdet/cspnext_rsb_pretrain/cspnext-s_imagenet_600e.pth 

backbone.stage3.1.short_conv.bn.bias - torch.Size([128]): 
PretrainedInit: load from https://download.openmmlab.com/mmdetection/v3.0/rtmdet/cspnext_rsb_pretrain/cspnext-s_imagenet_600e.pth 

backbone.stage3.1.final_conv.conv.weight - torch.Size([256, 256, 1, 1]): 
PretrainedInit: load from https://download.openmmlab.com/mmdetection/v3.0/rtmdet/cspnext_rsb_pretrain/cspnext-s_imagenet_600e.pth 

backbone.stage3.1.final_conv.bn.weight - torch.Size([256]): 
PretrainedInit: load from https://download.openmmlab.com/mmdetection/v3.0/rtmdet/cspnext_rsb_pretrain/cspnext-s_imagenet_600e.pth 

backbone.stage3.1.final_conv.bn.bias - torch.Size([256]): 
PretrainedInit: load from https://download.openmmlab.com/mmdetection/v3.0/rtmdet/cspnext_rsb_pretrain/cspnext-s_imagenet_600e.pth 

backbone.stage3.1.blocks.0.conv1.conv.weight - torch.Size([128, 128, 3, 3]): 
PretrainedInit: load from https://download.openmmlab.com/mmdetection/v3.0/rtmdet/cspnext_rsb_pretrain/cspnext-s_imagenet_600e.pth 

backbone.stage3.1.blocks.0.conv1.bn.weight - torch.Size([128]): 
PretrainedInit: load from https://download.openmmlab.com/mmdetection/v3.0/rtmdet/cspnext_rsb_pretrain/cspnext-s_imagenet_600e.pth 

backbone.stage3.1.blocks.0.conv1.bn.bias - torch.Size([128]): 
PretrainedInit: load from https://download.openmmlab.com/mmdetection/v3.0/rtmdet/cspnext_rsb_pretrain/cspnext-s_imagenet_600e.pth 

backbone.stage3.1.blocks.0.conv2.depthwise_conv.conv.weight - torch.Size([128, 1, 5, 5]): 
PretrainedInit: load from https://download.openmmlab.com/mmdetection/v3.0/rtmdet/cspnext_rsb_pretrain/cspnext-s_imagenet_600e.pth 

backbone.stage3.1.blocks.0.conv2.depthwise_conv.bn.weight - torch.Size([128]): 
PretrainedInit: load from https://download.openmmlab.com/mmdetection/v3.0/rtmdet/cspnext_rsb_pretrain/cspnext-s_imagenet_600e.pth 

backbone.stage3.1.blocks.0.conv2.depthwise_conv.bn.bias - torch.Size([128]): 
PretrainedInit: load from https://download.openmmlab.com/mmdetection/v3.0/rtmdet/cspnext_rsb_pretrain/cspnext-s_imagenet_600e.pth 

backbone.stage3.1.blocks.0.conv2.pointwise_conv.conv.weight - torch.Size([128, 128, 1, 1]): 
PretrainedInit: load from https://download.openmmlab.com/mmdetection/v3.0/rtmdet/cspnext_rsb_pretrain/cspnext-s_imagenet_600e.pth 

backbone.stage3.1.blocks.0.conv2.pointwise_conv.bn.weight - torch.Size([128]): 
PretrainedInit: load from https://download.openmmlab.com/mmdetection/v3.0/rtmdet/cspnext_rsb_pretrain/cspnext-s_imagenet_600e.pth 

backbone.stage3.1.blocks.0.conv2.pointwise_conv.bn.bias - torch.Size([128]): 
PretrainedInit: load from https://download.openmmlab.com/mmdetection/v3.0/rtmdet/cspnext_rsb_pretrain/cspnext-s_imagenet_600e.pth 

backbone.stage3.1.blocks.1.conv1.conv.weight - torch.Size([128, 128, 3, 3]): 
PretrainedInit: load from https://download.openmmlab.com/mmdetection/v3.0/rtmdet/cspnext_rsb_pretrain/cspnext-s_imagenet_600e.pth 

backbone.stage3.1.blocks.1.conv1.bn.weight - torch.Size([128]): 
PretrainedInit: load from https://download.openmmlab.com/mmdetection/v3.0/rtmdet/cspnext_rsb_pretrain/cspnext-s_imagenet_600e.pth 

backbone.stage3.1.blocks.1.conv1.bn.bias - torch.Size([128]): 
PretrainedInit: load from https://download.openmmlab.com/mmdetection/v3.0/rtmdet/cspnext_rsb_pretrain/cspnext-s_imagenet_600e.pth 

backbone.stage3.1.blocks.1.conv2.depthwise_conv.conv.weight - torch.Size([128, 1, 5, 5]): 
PretrainedInit: load from https://download.openmmlab.com/mmdetection/v3.0/rtmdet/cspnext_rsb_pretrain/cspnext-s_imagenet_600e.pth 

backbone.stage3.1.blocks.1.conv2.depthwise_conv.bn.weight - torch.Size([128]): 
PretrainedInit: load from https://download.openmmlab.com/mmdetection/v3.0/rtmdet/cspnext_rsb_pretrain/cspnext-s_imagenet_600e.pth 

backbone.stage3.1.blocks.1.conv2.depthwise_conv.bn.bias - torch.Size([128]): 
PretrainedInit: load from https://download.openmmlab.com/mmdetection/v3.0/rtmdet/cspnext_rsb_pretrain/cspnext-s_imagenet_600e.pth 

backbone.stage3.1.blocks.1.conv2.pointwise_conv.conv.weight - torch.Size([128, 128, 1, 1]): 
PretrainedInit: load from https://download.openmmlab.com/mmdetection/v3.0/rtmdet/cspnext_rsb_pretrain/cspnext-s_imagenet_600e.pth 

backbone.stage3.1.blocks.1.conv2.pointwise_conv.bn.weight - torch.Size([128]): 
PretrainedInit: load from https://download.openmmlab.com/mmdetection/v3.0/rtmdet/cspnext_rsb_pretrain/cspnext-s_imagenet_600e.pth 

backbone.stage3.1.blocks.1.conv2.pointwise_conv.bn.bias - torch.Size([128]): 
PretrainedInit: load from https://download.openmmlab.com/mmdetection/v3.0/rtmdet/cspnext_rsb_pretrain/cspnext-s_imagenet_600e.pth 

backbone.stage3.1.attention.fc.weight - torch.Size([256, 256, 1, 1]): 
PretrainedInit: load from https://download.openmmlab.com/mmdetection/v3.0/rtmdet/cspnext_rsb_pretrain/cspnext-s_imagenet_600e.pth 

backbone.stage3.1.attention.fc.bias - torch.Size([256]): 
PretrainedInit: load from https://download.openmmlab.com/mmdetection/v3.0/rtmdet/cspnext_rsb_pretrain/cspnext-s_imagenet_600e.pth 

backbone.stage4.0.conv.weight - torch.Size([512, 256, 3, 3]): 
PretrainedInit: load from https://download.openmmlab.com/mmdetection/v3.0/rtmdet/cspnext_rsb_pretrain/cspnext-s_imagenet_600e.pth 

backbone.stage4.0.bn.weight - torch.Size([512]): 
PretrainedInit: load from https://download.openmmlab.com/mmdetection/v3.0/rtmdet/cspnext_rsb_pretrain/cspnext-s_imagenet_600e.pth 

backbone.stage4.0.bn.bias - torch.Size([512]): 
PretrainedInit: load from https://download.openmmlab.com/mmdetection/v3.0/rtmdet/cspnext_rsb_pretrain/cspnext-s_imagenet_600e.pth 

backbone.stage4.1.conv1.conv.weight - torch.Size([256, 512, 1, 1]): 
PretrainedInit: load from https://download.openmmlab.com/mmdetection/v3.0/rtmdet/cspnext_rsb_pretrain/cspnext-s_imagenet_600e.pth 

backbone.stage4.1.conv1.bn.weight - torch.Size([256]): 
PretrainedInit: load from https://download.openmmlab.com/mmdetection/v3.0/rtmdet/cspnext_rsb_pretrain/cspnext-s_imagenet_600e.pth 

backbone.stage4.1.conv1.bn.bias - torch.Size([256]): 
PretrainedInit: load from https://download.openmmlab.com/mmdetection/v3.0/rtmdet/cspnext_rsb_pretrain/cspnext-s_imagenet_600e.pth 

backbone.stage4.1.conv2.conv.weight - torch.Size([512, 1024, 1, 1]): 
PretrainedInit: load from https://download.openmmlab.com/mmdetection/v3.0/rtmdet/cspnext_rsb_pretrain/cspnext-s_imagenet_600e.pth 

backbone.stage4.1.conv2.bn.weight - torch.Size([512]): 
PretrainedInit: load from https://download.openmmlab.com/mmdetection/v3.0/rtmdet/cspnext_rsb_pretrain/cspnext-s_imagenet_600e.pth 

backbone.stage4.1.conv2.bn.bias - torch.Size([512]): 
PretrainedInit: load from https://download.openmmlab.com/mmdetection/v3.0/rtmdet/cspnext_rsb_pretrain/cspnext-s_imagenet_600e.pth 

backbone.stage4.2.main_conv.conv.weight - torch.Size([256, 512, 1, 1]): 
PretrainedInit: load from https://download.openmmlab.com/mmdetection/v3.0/rtmdet/cspnext_rsb_pretrain/cspnext-s_imagenet_600e.pth 

backbone.stage4.2.main_conv.bn.weight - torch.Size([256]): 
PretrainedInit: load from https://download.openmmlab.com/mmdetection/v3.0/rtmdet/cspnext_rsb_pretrain/cspnext-s_imagenet_600e.pth 

backbone.stage4.2.main_conv.bn.bias - torch.Size([256]): 
PretrainedInit: load from https://download.openmmlab.com/mmdetection/v3.0/rtmdet/cspnext_rsb_pretrain/cspnext-s_imagenet_600e.pth 

backbone.stage4.2.short_conv.conv.weight - torch.Size([256, 512, 1, 1]): 
PretrainedInit: load from https://download.openmmlab.com/mmdetection/v3.0/rtmdet/cspnext_rsb_pretrain/cspnext-s_imagenet_600e.pth 

backbone.stage4.2.short_conv.bn.weight - torch.Size([256]): 
PretrainedInit: load from https://download.openmmlab.com/mmdetection/v3.0/rtmdet/cspnext_rsb_pretrain/cspnext-s_imagenet_600e.pth 

backbone.stage4.2.short_conv.bn.bias - torch.Size([256]): 
PretrainedInit: load from https://download.openmmlab.com/mmdetection/v3.0/rtmdet/cspnext_rsb_pretrain/cspnext-s_imagenet_600e.pth 

backbone.stage4.2.final_conv.conv.weight - torch.Size([512, 512, 1, 1]): 
PretrainedInit: load from https://download.openmmlab.com/mmdetection/v3.0/rtmdet/cspnext_rsb_pretrain/cspnext-s_imagenet_600e.pth 

backbone.stage4.2.final_conv.bn.weight - torch.Size([512]): 
PretrainedInit: load from https://download.openmmlab.com/mmdetection/v3.0/rtmdet/cspnext_rsb_pretrain/cspnext-s_imagenet_600e.pth 

backbone.stage4.2.final_conv.bn.bias - torch.Size([512]): 
PretrainedInit: load from https://download.openmmlab.com/mmdetection/v3.0/rtmdet/cspnext_rsb_pretrain/cspnext-s_imagenet_600e.pth 

backbone.stage4.2.blocks.0.conv1.conv.weight - torch.Size([256, 256, 3, 3]): 
PretrainedInit: load from https://download.openmmlab.com/mmdetection/v3.0/rtmdet/cspnext_rsb_pretrain/cspnext-s_imagenet_600e.pth 

backbone.stage4.2.blocks.0.conv1.bn.weight - torch.Size([256]): 
PretrainedInit: load from https://download.openmmlab.com/mmdetection/v3.0/rtmdet/cspnext_rsb_pretrain/cspnext-s_imagenet_600e.pth 

backbone.stage4.2.blocks.0.conv1.bn.bias - torch.Size([256]): 
PretrainedInit: load from https://download.openmmlab.com/mmdetection/v3.0/rtmdet/cspnext_rsb_pretrain/cspnext-s_imagenet_600e.pth 

backbone.stage4.2.blocks.0.conv2.depthwise_conv.conv.weight - torch.Size([256, 1, 5, 5]): 
PretrainedInit: load from https://download.openmmlab.com/mmdetection/v3.0/rtmdet/cspnext_rsb_pretrain/cspnext-s_imagenet_600e.pth 

backbone.stage4.2.blocks.0.conv2.depthwise_conv.bn.weight - torch.Size([256]): 
PretrainedInit: load from https://download.openmmlab.com/mmdetection/v3.0/rtmdet/cspnext_rsb_pretrain/cspnext-s_imagenet_600e.pth 

backbone.stage4.2.blocks.0.conv2.depthwise_conv.bn.bias - torch.Size([256]): 
PretrainedInit: load from https://download.openmmlab.com/mmdetection/v3.0/rtmdet/cspnext_rsb_pretrain/cspnext-s_imagenet_600e.pth 

backbone.stage4.2.blocks.0.conv2.pointwise_conv.conv.weight - torch.Size([256, 256, 1, 1]): 
PretrainedInit: load from https://download.openmmlab.com/mmdetection/v3.0/rtmdet/cspnext_rsb_pretrain/cspnext-s_imagenet_600e.pth 

backbone.stage4.2.blocks.0.conv2.pointwise_conv.bn.weight - torch.Size([256]): 
PretrainedInit: load from https://download.openmmlab.com/mmdetection/v3.0/rtmdet/cspnext_rsb_pretrain/cspnext-s_imagenet_600e.pth 

backbone.stage4.2.blocks.0.conv2.pointwise_conv.bn.bias - torch.Size([256]): 
PretrainedInit: load from https://download.openmmlab.com/mmdetection/v3.0/rtmdet/cspnext_rsb_pretrain/cspnext-s_imagenet_600e.pth 

backbone.stage4.2.attention.fc.weight - torch.Size([512, 512, 1, 1]): 
PretrainedInit: load from https://download.openmmlab.com/mmdetection/v3.0/rtmdet/cspnext_rsb_pretrain/cspnext-s_imagenet_600e.pth 

backbone.stage4.2.attention.fc.bias - torch.Size([512]): 
PretrainedInit: load from https://download.openmmlab.com/mmdetection/v3.0/rtmdet/cspnext_rsb_pretrain/cspnext-s_imagenet_600e.pth 

neck.reduce_layers.0.conv.weight - torch.Size([256, 512, 1, 1]): 
KaimingInit: a=2.23606797749979, mode=fan_in, nonlinearity=leaky_relu, distribution =uniform, bias=0 

neck.reduce_layers.0.bn.weight - torch.Size([256]): 
The value is the same before and after calling `init_weights` of RTMDet  

neck.reduce_layers.0.bn.bias - torch.Size([256]): 
The value is the same before and after calling `init_weights` of RTMDet  

neck.reduce_layers.1.conv.weight - torch.Size([128, 256, 1, 1]): 
KaimingInit: a=2.23606797749979, mode=fan_in, nonlinearity=leaky_relu, distribution =uniform, bias=0 

neck.reduce_layers.1.bn.weight - torch.Size([128]): 
The value is the same before and after calling `init_weights` of RTMDet  

neck.reduce_layers.1.bn.bias - torch.Size([128]): 
The value is the same before and after calling `init_weights` of RTMDet  

neck.top_down_blocks.0.main_conv.conv.weight - torch.Size([128, 512, 1, 1]): 
KaimingInit: a=2.23606797749979, mode=fan_in, nonlinearity=leaky_relu, distribution =uniform, bias=0 

neck.top_down_blocks.0.main_conv.bn.weight - torch.Size([128]): 
The value is the same before and after calling `init_weights` of RTMDet  

neck.top_down_blocks.0.main_conv.bn.bias - torch.Size([128]): 
The value is the same before and after calling `init_weights` of RTMDet  

neck.top_down_blocks.0.short_conv.conv.weight - torch.Size([128, 512, 1, 1]): 
KaimingInit: a=2.23606797749979, mode=fan_in, nonlinearity=leaky_relu, distribution =uniform, bias=0 

neck.top_down_blocks.0.short_conv.bn.weight - torch.Size([128]): 
The value is the same before and after calling `init_weights` of RTMDet  

neck.top_down_blocks.0.short_conv.bn.bias - torch.Size([128]): 
The value is the same before and after calling `init_weights` of RTMDet  

neck.top_down_blocks.0.final_conv.conv.weight - torch.Size([256, 256, 1, 1]): 
KaimingInit: a=2.23606797749979, mode=fan_in, nonlinearity=leaky_relu, distribution =uniform, bias=0 

neck.top_down_blocks.0.final_conv.bn.weight - torch.Size([256]): 
The value is the same before and after calling `init_weights` of RTMDet  

neck.top_down_blocks.0.final_conv.bn.bias - torch.Size([256]): 
The value is the same before and after calling `init_weights` of RTMDet  

neck.top_down_blocks.0.blocks.0.conv1.conv.weight - torch.Size([128, 128, 3, 3]): 
KaimingInit: a=2.23606797749979, mode=fan_in, nonlinearity=leaky_relu, distribution =uniform, bias=0 

neck.top_down_blocks.0.blocks.0.conv1.bn.weight - torch.Size([128]): 
The value is the same before and after calling `init_weights` of RTMDet  

neck.top_down_blocks.0.blocks.0.conv1.bn.bias - torch.Size([128]): 
The value is the same before and after calling `init_weights` of RTMDet  

neck.top_down_blocks.0.blocks.0.conv2.depthwise_conv.conv.weight - torch.Size([128, 1, 5, 5]): 
KaimingInit: a=2.23606797749979, mode=fan_in, nonlinearity=leaky_relu, distribution =uniform, bias=0 

neck.top_down_blocks.0.blocks.0.conv2.depthwise_conv.bn.weight - torch.Size([128]): 
The value is the same before and after calling `init_weights` of RTMDet  

neck.top_down_blocks.0.blocks.0.conv2.depthwise_conv.bn.bias - torch.Size([128]): 
The value is the same before and after calling `init_weights` of RTMDet  

neck.top_down_blocks.0.blocks.0.conv2.pointwise_conv.conv.weight - torch.Size([128, 128, 1, 1]): 
KaimingInit: a=2.23606797749979, mode=fan_in, nonlinearity=leaky_relu, distribution =uniform, bias=0 

neck.top_down_blocks.0.blocks.0.conv2.pointwise_conv.bn.weight - torch.Size([128]): 
The value is the same before and after calling `init_weights` of RTMDet  

neck.top_down_blocks.0.blocks.0.conv2.pointwise_conv.bn.bias - torch.Size([128]): 
The value is the same before and after calling `init_weights` of RTMDet  

neck.top_down_blocks.1.main_conv.conv.weight - torch.Size([64, 256, 1, 1]): 
KaimingInit: a=2.23606797749979, mode=fan_in, nonlinearity=leaky_relu, distribution =uniform, bias=0 

neck.top_down_blocks.1.main_conv.bn.weight - torch.Size([64]): 
The value is the same before and after calling `init_weights` of RTMDet  

neck.top_down_blocks.1.main_conv.bn.bias - torch.Size([64]): 
The value is the same before and after calling `init_weights` of RTMDet  

neck.top_down_blocks.1.short_conv.conv.weight - torch.Size([64, 256, 1, 1]): 
KaimingInit: a=2.23606797749979, mode=fan_in, nonlinearity=leaky_relu, distribution =uniform, bias=0 

neck.top_down_blocks.1.short_conv.bn.weight - torch.Size([64]): 
The value is the same before and after calling `init_weights` of RTMDet  

neck.top_down_blocks.1.short_conv.bn.bias - torch.Size([64]): 
The value is the same before and after calling `init_weights` of RTMDet  

neck.top_down_blocks.1.final_conv.conv.weight - torch.Size([128, 128, 1, 1]): 
KaimingInit: a=2.23606797749979, mode=fan_in, nonlinearity=leaky_relu, distribution =uniform, bias=0 

neck.top_down_blocks.1.final_conv.bn.weight - torch.Size([128]): 
The value is the same before and after calling `init_weights` of RTMDet  

neck.top_down_blocks.1.final_conv.bn.bias - torch.Size([128]): 
The value is the same before and after calling `init_weights` of RTMDet  

neck.top_down_blocks.1.blocks.0.conv1.conv.weight - torch.Size([64, 64, 3, 3]): 
KaimingInit: a=2.23606797749979, mode=fan_in, nonlinearity=leaky_relu, distribution =uniform, bias=0 

neck.top_down_blocks.1.blocks.0.conv1.bn.weight - torch.Size([64]): 
The value is the same before and after calling `init_weights` of RTMDet  

neck.top_down_blocks.1.blocks.0.conv1.bn.bias - torch.Size([64]): 
The value is the same before and after calling `init_weights` of RTMDet  

neck.top_down_blocks.1.blocks.0.conv2.depthwise_conv.conv.weight - torch.Size([64, 1, 5, 5]): 
KaimingInit: a=2.23606797749979, mode=fan_in, nonlinearity=leaky_relu, distribution =uniform, bias=0 

neck.top_down_blocks.1.blocks.0.conv2.depthwise_conv.bn.weight - torch.Size([64]): 
The value is the same before and after calling `init_weights` of RTMDet  

neck.top_down_blocks.1.blocks.0.conv2.depthwise_conv.bn.bias - torch.Size([64]): 
The value is the same before and after calling `init_weights` of RTMDet  

neck.top_down_blocks.1.blocks.0.conv2.pointwise_conv.conv.weight - torch.Size([64, 64, 1, 1]): 
KaimingInit: a=2.23606797749979, mode=fan_in, nonlinearity=leaky_relu, distribution =uniform, bias=0 

neck.top_down_blocks.1.blocks.0.conv2.pointwise_conv.bn.weight - torch.Size([64]): 
The value is the same before and after calling `init_weights` of RTMDet  

neck.top_down_blocks.1.blocks.0.conv2.pointwise_conv.bn.bias - torch.Size([64]): 
The value is the same before and after calling `init_weights` of RTMDet  

neck.downsamples.0.conv.weight - torch.Size([128, 128, 3, 3]): 
KaimingInit: a=2.23606797749979, mode=fan_in, nonlinearity=leaky_relu, distribution =uniform, bias=0 

neck.downsamples.0.bn.weight - torch.Size([128]): 
The value is the same before and after calling `init_weights` of RTMDet  

neck.downsamples.0.bn.bias - torch.Size([128]): 
The value is the same before and after calling `init_weights` of RTMDet  

neck.downsamples.1.conv.weight - torch.Size([256, 256, 3, 3]): 
KaimingInit: a=2.23606797749979, mode=fan_in, nonlinearity=leaky_relu, distribution =uniform, bias=0 

neck.downsamples.1.bn.weight - torch.Size([256]): 
The value is the same before and after calling `init_weights` of RTMDet  

neck.downsamples.1.bn.bias - torch.Size([256]): 
The value is the same before and after calling `init_weights` of RTMDet  

neck.bottom_up_blocks.0.main_conv.conv.weight - torch.Size([128, 256, 1, 1]): 
KaimingInit: a=2.23606797749979, mode=fan_in, nonlinearity=leaky_relu, distribution =uniform, bias=0 

neck.bottom_up_blocks.0.main_conv.bn.weight - torch.Size([128]): 
The value is the same before and after calling `init_weights` of RTMDet  

neck.bottom_up_blocks.0.main_conv.bn.bias - torch.Size([128]): 
The value is the same before and after calling `init_weights` of RTMDet  

neck.bottom_up_blocks.0.short_conv.conv.weight - torch.Size([128, 256, 1, 1]): 
KaimingInit: a=2.23606797749979, mode=fan_in, nonlinearity=leaky_relu, distribution =uniform, bias=0 

neck.bottom_up_blocks.0.short_conv.bn.weight - torch.Size([128]): 
The value is the same before and after calling `init_weights` of RTMDet  

neck.bottom_up_blocks.0.short_conv.bn.bias - torch.Size([128]): 
The value is the same before and after calling `init_weights` of RTMDet  

neck.bottom_up_blocks.0.final_conv.conv.weight - torch.Size([256, 256, 1, 1]): 
KaimingInit: a=2.23606797749979, mode=fan_in, nonlinearity=leaky_relu, distribution =uniform, bias=0 

neck.bottom_up_blocks.0.final_conv.bn.weight - torch.Size([256]): 
The value is the same before and after calling `init_weights` of RTMDet  

neck.bottom_up_blocks.0.final_conv.bn.bias - torch.Size([256]): 
The value is the same before and after calling `init_weights` of RTMDet  

neck.bottom_up_blocks.0.blocks.0.conv1.conv.weight - torch.Size([128, 128, 3, 3]): 
KaimingInit: a=2.23606797749979, mode=fan_in, nonlinearity=leaky_relu, distribution =uniform, bias=0 

neck.bottom_up_blocks.0.blocks.0.conv1.bn.weight - torch.Size([128]): 
The value is the same before and after calling `init_weights` of RTMDet  

neck.bottom_up_blocks.0.blocks.0.conv1.bn.bias - torch.Size([128]): 
The value is the same before and after calling `init_weights` of RTMDet  

neck.bottom_up_blocks.0.blocks.0.conv2.depthwise_conv.conv.weight - torch.Size([128, 1, 5, 5]): 
KaimingInit: a=2.23606797749979, mode=fan_in, nonlinearity=leaky_relu, distribution =uniform, bias=0 

neck.bottom_up_blocks.0.blocks.0.conv2.depthwise_conv.bn.weight - torch.Size([128]): 
The value is the same before and after calling `init_weights` of RTMDet  

neck.bottom_up_blocks.0.blocks.0.conv2.depthwise_conv.bn.bias - torch.Size([128]): 
The value is the same before and after calling `init_weights` of RTMDet  

neck.bottom_up_blocks.0.blocks.0.conv2.pointwise_conv.conv.weight - torch.Size([128, 128, 1, 1]): 
KaimingInit: a=2.23606797749979, mode=fan_in, nonlinearity=leaky_relu, distribution =uniform, bias=0 

neck.bottom_up_blocks.0.blocks.0.conv2.pointwise_conv.bn.weight - torch.Size([128]): 
The value is the same before and after calling `init_weights` of RTMDet  

neck.bottom_up_blocks.0.blocks.0.conv2.pointwise_conv.bn.bias - torch.Size([128]): 
The value is the same before and after calling `init_weights` of RTMDet  

neck.bottom_up_blocks.1.main_conv.conv.weight - torch.Size([256, 512, 1, 1]): 
KaimingInit: a=2.23606797749979, mode=fan_in, nonlinearity=leaky_relu, distribution =uniform, bias=0 

neck.bottom_up_blocks.1.main_conv.bn.weight - torch.Size([256]): 
The value is the same before and after calling `init_weights` of RTMDet  

neck.bottom_up_blocks.1.main_conv.bn.bias - torch.Size([256]): 
The value is the same before and after calling `init_weights` of RTMDet  

neck.bottom_up_blocks.1.short_conv.conv.weight - torch.Size([256, 512, 1, 1]): 
KaimingInit: a=2.23606797749979, mode=fan_in, nonlinearity=leaky_relu, distribution =uniform, bias=0 

neck.bottom_up_blocks.1.short_conv.bn.weight - torch.Size([256]): 
The value is the same before and after calling `init_weights` of RTMDet  

neck.bottom_up_blocks.1.short_conv.bn.bias - torch.Size([256]): 
The value is the same before and after calling `init_weights` of RTMDet  

neck.bottom_up_blocks.1.final_conv.conv.weight - torch.Size([512, 512, 1, 1]): 
KaimingInit: a=2.23606797749979, mode=fan_in, nonlinearity=leaky_relu, distribution =uniform, bias=0 

neck.bottom_up_blocks.1.final_conv.bn.weight - torch.Size([512]): 
The value is the same before and after calling `init_weights` of RTMDet  

neck.bottom_up_blocks.1.final_conv.bn.bias - torch.Size([512]): 
The value is the same before and after calling `init_weights` of RTMDet  

neck.bottom_up_blocks.1.blocks.0.conv1.conv.weight - torch.Size([256, 256, 3, 3]): 
KaimingInit: a=2.23606797749979, mode=fan_in, nonlinearity=leaky_relu, distribution =uniform, bias=0 

neck.bottom_up_blocks.1.blocks.0.conv1.bn.weight - torch.Size([256]): 
The value is the same before and after calling `init_weights` of RTMDet  

neck.bottom_up_blocks.1.blocks.0.conv1.bn.bias - torch.Size([256]): 
The value is the same before and after calling `init_weights` of RTMDet  

neck.bottom_up_blocks.1.blocks.0.conv2.depthwise_conv.conv.weight - torch.Size([256, 1, 5, 5]): 
KaimingInit: a=2.23606797749979, mode=fan_in, nonlinearity=leaky_relu, distribution =uniform, bias=0 

neck.bottom_up_blocks.1.blocks.0.conv2.depthwise_conv.bn.weight - torch.Size([256]): 
The value is the same before and after calling `init_weights` of RTMDet  

neck.bottom_up_blocks.1.blocks.0.conv2.depthwise_conv.bn.bias - torch.Size([256]): 
The value is the same before and after calling `init_weights` of RTMDet  

neck.bottom_up_blocks.1.blocks.0.conv2.pointwise_conv.conv.weight - torch.Size([256, 256, 1, 1]): 
KaimingInit: a=2.23606797749979, mode=fan_in, nonlinearity=leaky_relu, distribution =uniform, bias=0 

neck.bottom_up_blocks.1.blocks.0.conv2.pointwise_conv.bn.weight - torch.Size([256]): 
The value is the same before and after calling `init_weights` of RTMDet  

neck.bottom_up_blocks.1.blocks.0.conv2.pointwise_conv.bn.bias - torch.Size([256]): 
The value is the same before and after calling `init_weights` of RTMDet  

neck.out_convs.0.conv.weight - torch.Size([128, 128, 3, 3]): 
KaimingInit: a=2.23606797749979, mode=fan_in, nonlinearity=leaky_relu, distribution =uniform, bias=0 

neck.out_convs.0.bn.weight - torch.Size([128]): 
The value is the same before and after calling `init_weights` of RTMDet  

neck.out_convs.0.bn.bias - torch.Size([128]): 
The value is the same before and after calling `init_weights` of RTMDet  

neck.out_convs.1.conv.weight - torch.Size([128, 256, 3, 3]): 
KaimingInit: a=2.23606797749979, mode=fan_in, nonlinearity=leaky_relu, distribution =uniform, bias=0 

neck.out_convs.1.bn.weight - torch.Size([128]): 
The value is the same before and after calling `init_weights` of RTMDet  

neck.out_convs.1.bn.bias - torch.Size([128]): 
The value is the same before and after calling `init_weights` of RTMDet  

neck.out_convs.2.conv.weight - torch.Size([128, 512, 3, 3]): 
KaimingInit: a=2.23606797749979, mode=fan_in, nonlinearity=leaky_relu, distribution =uniform, bias=0 

neck.out_convs.2.bn.weight - torch.Size([128]): 
The value is the same before and after calling `init_weights` of RTMDet  

neck.out_convs.2.bn.bias - torch.Size([128]): 
The value is the same before and after calling `init_weights` of RTMDet  

bbox_head.cls_convs.0.0.conv.weight - torch.Size([128, 128, 3, 3]): 
Initialized by user-defined `init_weights` in RTMDetInsSepBNHead  

bbox_head.cls_convs.0.0.bn.weight - torch.Size([128]): 
The value is the same before and after calling `init_weights` of RTMDet  

bbox_head.cls_convs.0.0.bn.bias - torch.Size([128]): 
The value is the same before and after calling `init_weights` of RTMDet  

bbox_head.cls_convs.0.1.conv.weight - torch.Size([128, 128, 3, 3]): 
Initialized by user-defined `init_weights` in RTMDetInsSepBNHead  

bbox_head.cls_convs.0.1.bn.weight - torch.Size([128]): 
The value is the same before and after calling `init_weights` of RTMDet  

bbox_head.cls_convs.0.1.bn.bias - torch.Size([128]): 
The value is the same before and after calling `init_weights` of RTMDet  

bbox_head.cls_convs.1.0.bn.weight - torch.Size([128]): 
The value is the same before and after calling `init_weights` of RTMDet  

bbox_head.cls_convs.1.0.bn.bias - torch.Size([128]): 
The value is the same before and after calling `init_weights` of RTMDet  

bbox_head.cls_convs.1.1.bn.weight - torch.Size([128]): 
The value is the same before and after calling `init_weights` of RTMDet  

bbox_head.cls_convs.1.1.bn.bias - torch.Size([128]): 
The value is the same before and after calling `init_weights` of RTMDet  

bbox_head.cls_convs.2.0.bn.weight - torch.Size([128]): 
The value is the same before and after calling `init_weights` of RTMDet  

bbox_head.cls_convs.2.0.bn.bias - torch.Size([128]): 
The value is the same before and after calling `init_weights` of RTMDet  

bbox_head.cls_convs.2.1.bn.weight - torch.Size([128]): 
The value is the same before and after calling `init_weights` of RTMDet  

bbox_head.cls_convs.2.1.bn.bias - torch.Size([128]): 
The value is the same before and after calling `init_weights` of RTMDet  

bbox_head.kernel_convs.0.0.conv.weight - torch.Size([128, 128, 3, 3]): 
Initialized by user-defined `init_weights` in RTMDetInsSepBNHead  

bbox_head.kernel_convs.0.0.bn.weight - torch.Size([128]): 
The value is the same before and after calling `init_weights` of RTMDet  

bbox_head.kernel_convs.0.0.bn.bias - torch.Size([128]): 
The value is the same before and after calling `init_weights` of RTMDet  

bbox_head.kernel_convs.0.1.conv.weight - torch.Size([128, 128, 3, 3]): 
Initialized by user-defined `init_weights` in RTMDetInsSepBNHead  

bbox_head.kernel_convs.0.1.bn.weight - torch.Size([128]): 
The value is the same before and after calling `init_weights` of RTMDet  

bbox_head.kernel_convs.0.1.bn.bias - torch.Size([128]): 
The value is the same before and after calling `init_weights` of RTMDet  

bbox_head.kernel_convs.1.0.conv.weight - torch.Size([128, 128, 3, 3]): 
Initialized by user-defined `init_weights` in RTMDetInsSepBNHead  

bbox_head.kernel_convs.1.0.bn.weight - torch.Size([128]): 
The value is the same before and after calling `init_weights` of RTMDet  

bbox_head.kernel_convs.1.0.bn.bias - torch.Size([128]): 
The value is the same before and after calling `init_weights` of RTMDet  

bbox_head.kernel_convs.1.1.conv.weight - torch.Size([128, 128, 3, 3]): 
Initialized by user-defined `init_weights` in RTMDetInsSepBNHead  

bbox_head.kernel_convs.1.1.bn.weight - torch.Size([128]): 
The value is the same before and after calling `init_weights` of RTMDet  

bbox_head.kernel_convs.1.1.bn.bias - torch.Size([128]): 
The value is the same before and after calling `init_weights` of RTMDet  

bbox_head.kernel_convs.2.0.conv.weight - torch.Size([128, 128, 3, 3]): 
Initialized by user-defined `init_weights` in RTMDetInsSepBNHead  

bbox_head.kernel_convs.2.0.bn.weight - torch.Size([128]): 
The value is the same before and after calling `init_weights` of RTMDet  

bbox_head.kernel_convs.2.0.bn.bias - torch.Size([128]): 
The value is the same before and after calling `init_weights` of RTMDet  

bbox_head.kernel_convs.2.1.conv.weight - torch.Size([128, 128, 3, 3]): 
Initialized by user-defined `init_weights` in RTMDetInsSepBNHead  

bbox_head.kernel_convs.2.1.bn.weight - torch.Size([128]): 
The value is the same before and after calling `init_weights` of RTMDet  

bbox_head.kernel_convs.2.1.bn.bias - torch.Size([128]): 
The value is the same before and after calling `init_weights` of RTMDet  

bbox_head.rtm_cls.0.weight - torch.Size([6, 128, 1, 1]): 
Initialized by user-defined `init_weights` in RTMDetInsSepBNHead  

bbox_head.rtm_cls.0.bias - torch.Size([6]): 
Initialized by user-defined `init_weights` in RTMDetInsSepBNHead  

bbox_head.rtm_cls.1.weight - torch.Size([6, 128, 1, 1]): 
Initialized by user-defined `init_weights` in RTMDetInsSepBNHead  

bbox_head.rtm_cls.1.bias - torch.Size([6]): 
Initialized by user-defined `init_weights` in RTMDetInsSepBNHead  

bbox_head.rtm_cls.2.weight - torch.Size([6, 128, 1, 1]): 
Initialized by user-defined `init_weights` in RTMDetInsSepBNHead  

bbox_head.rtm_cls.2.bias - torch.Size([6]): 
Initialized by user-defined `init_weights` in RTMDetInsSepBNHead  

bbox_head.rtm_reg.0.weight - torch.Size([4, 128, 1, 1]): 
Initialized by user-defined `init_weights` in RTMDetInsSepBNHead  

bbox_head.rtm_reg.0.bias - torch.Size([4]): 
Initialized by user-defined `init_weights` in RTMDetInsSepBNHead  

bbox_head.rtm_reg.1.weight - torch.Size([4, 128, 1, 1]): 
Initialized by user-defined `init_weights` in RTMDetInsSepBNHead  

bbox_head.rtm_reg.1.bias - torch.Size([4]): 
Initialized by user-defined `init_weights` in RTMDetInsSepBNHead  

bbox_head.rtm_reg.2.weight - torch.Size([4, 128, 1, 1]): 
Initialized by user-defined `init_weights` in RTMDetInsSepBNHead  

bbox_head.rtm_reg.2.bias - torch.Size([4]): 
Initialized by user-defined `init_weights` in RTMDetInsSepBNHead  

bbox_head.rtm_kernel.0.weight - torch.Size([169, 128, 1, 1]): 
Initialized by user-defined `init_weights` in RTMDetInsSepBNHead  

bbox_head.rtm_kernel.0.bias - torch.Size([169]): 
Initialized by user-defined `init_weights` in RTMDetInsSepBNHead  

bbox_head.rtm_kernel.1.weight - torch.Size([169, 128, 1, 1]): 
Initialized by user-defined `init_weights` in RTMDetInsSepBNHead  

bbox_head.rtm_kernel.1.bias - torch.Size([169]): 
Initialized by user-defined `init_weights` in RTMDetInsSepBNHead  

bbox_head.rtm_kernel.2.weight - torch.Size([169, 128, 1, 1]): 
Initialized by user-defined `init_weights` in RTMDetInsSepBNHead  

bbox_head.rtm_kernel.2.bias - torch.Size([169]): 
Initialized by user-defined `init_weights` in RTMDetInsSepBNHead  

bbox_head.mask_head.fusion_conv.weight - torch.Size([128, 384, 1, 1]): 
Initialized by user-defined `init_weights` in RTMDetInsSepBNHead  

bbox_head.mask_head.fusion_conv.bias - torch.Size([128]): 
Initialized by user-defined `init_weights` in RTMDetInsSepBNHead  

bbox_head.mask_head.stacked_convs.0.conv.weight - torch.Size([128, 128, 3, 3]): 
Initialized by user-defined `init_weights` in RTMDetInsSepBNHead  

bbox_head.mask_head.stacked_convs.0.bn.weight - torch.Size([128]): 
The value is the same before and after calling `init_weights` of RTMDet  

bbox_head.mask_head.stacked_convs.0.bn.bias - torch.Size([128]): 
The value is the same before and after calling `init_weights` of RTMDet  

bbox_head.mask_head.stacked_convs.1.conv.weight - torch.Size([128, 128, 3, 3]): 
Initialized by user-defined `init_weights` in RTMDetInsSepBNHead  

bbox_head.mask_head.stacked_convs.1.bn.weight - torch.Size([128]): 
The value is the same before and after calling `init_weights` of RTMDet  

bbox_head.mask_head.stacked_convs.1.bn.bias - torch.Size([128]): 
The value is the same before and after calling `init_weights` of RTMDet  

bbox_head.mask_head.stacked_convs.2.conv.weight - torch.Size([128, 128, 3, 3]): 
Initialized by user-defined `init_weights` in RTMDetInsSepBNHead  

bbox_head.mask_head.stacked_convs.2.bn.weight - torch.Size([128]): 
The value is the same before and after calling `init_weights` of RTMDet  

bbox_head.mask_head.stacked_convs.2.bn.bias - torch.Size([128]): 
The value is the same before and after calling `init_weights` of RTMDet  

bbox_head.mask_head.stacked_convs.3.conv.weight - torch.Size([128, 128, 3, 3]): 
Initialized by user-defined `init_weights` in RTMDetInsSepBNHead  

bbox_head.mask_head.stacked_convs.3.bn.weight - torch.Size([128]): 
The value is the same before and after calling `init_weights` of RTMDet  

bbox_head.mask_head.stacked_convs.3.bn.bias - torch.Size([128]): 
The value is the same before and after calling `init_weights` of RTMDet  

bbox_head.mask_head.projection.weight - torch.Size([8, 128, 1, 1]): 
Initialized by user-defined `init_weights` in RTMDetInsSepBNHead  

bbox_head.mask_head.projection.bias - torch.Size([8]): 
Initialized by user-defined `init_weights` in RTMDetInsSepBNHead  
2026/09/18 13:11:00 - mmengine - WARNING - "FileClient" will be deprecated in future. Please use io functions in https://mmengine.readthedocs.io/en/latest/api/fileio.html#file-io
2026/09/18 13:11:00 - mmengine - WARNING - "HardDiskBackend" is the alias of "LocalBackend" and the former will be deprecated in future.
2026/09/18 13:11:00 - mmengine - INFO - Checkpoints will be saved to /home/ezio-gpu/Documents/Vinith/MMDetection_2/work_dirs/packdet_rtmdet_ins.
2026/09/18 13:11:13 - mmengine - INFO - Epoch(train)  [1][ 50/361]  base_lr: 4.9059e-06 lr: 4.9059e-06  eta: 0:41:38  time: 0.2783  data_time: 0.0057  memory: 1776  loss: 3.8591  loss_cls: 0.6857  loss_bbox: 1.3685  loss_mask: 1.8050
2026/09/18 13:11:27 - mmengine - INFO - Epoch(train)  [1][100/361]  base_lr: 9.9108e-06 lr: 9.9108e-06  eta: 0:40:51  time: 0.2710  data_time: 0.0023  memory: 1842  loss: 3.9559  loss_cls: 0.7764  loss_bbox: 1.3309  loss_mask: 1.8487
2026/09/18 13:11:44 - mmengine - INFO - Epoch(train)  [1][150/361]  base_lr: 1.4916e-05 lr: 1.4916e-05  eta: 0:43:29  time: 0.3326  data_time: 0.0021  memory: 2101  loss: 3.9686  loss_cls: 0.8351  loss_bbox: 1.2760  loss_mask: 1.8575
2026/09/18 13:11:59 - mmengine - INFO - Epoch(train)  [1][200/361]  base_lr: 1.9921e-05 lr: 1.9921e-05  eta: 0:43:58  time: 0.3140  data_time: 0.0020  memory: 2385  loss: 3.9331  loss_cls: 0.8461  loss_bbox: 1.2715  loss_mask: 1.8155
2026/09/18 13:12:13 - mmengine - INFO - Epoch(train)  [1][250/361]  base_lr: 2.4926e-05 lr: 2.4926e-05  eta: 0:43:14  time: 0.2823  data_time: 0.0020  memory: 1854  loss: 3.8128  loss_cls: 0.7897  loss_bbox: 1.2973  loss_mask: 1.7258
2026/09/18 13:12:28 - mmengine - INFO - Epoch(train)  [1][300/361]  base_lr: 2.9931e-05 lr: 2.9931e-05  eta: 0:42:58  time: 0.2951  data_time: 0.0020  memory: 1771  loss: 3.7000  loss_cls: 0.8210  loss_bbox: 1.2658  loss_mask: 1.6133
2026/09/18 13:12:42 - mmengine - INFO - Epoch(train)  [1][350/361]  base_lr: 3.4936e-05 lr: 3.4936e-05  eta: 0:42:17  time: 0.2742  data_time: 0.0020  memory: 1699  loss: 3.4208  loss_cls: 0.8278  loss_bbox: 1.2272  loss_mask: 1.3659
2026/09/18 13:12:46 - mmengine - INFO - Exp name: packdet_rtmdet_ins_20260918_131054
2026/09/18 13:12:46 - mmengine - INFO - Saving checkpoint at 1 epochs
2026/09/18 13:13:02 - mmengine - INFO - Epoch(train)  [2][ 50/361]  base_lr: 4.1042e-05 lr: 4.1042e-05  eta: 0:42:03  time: 0.2856  data_time: 0.0062  memory: 2273  loss: 3.0742  loss_cls: 0.7612  loss_bbox: 1.1803  loss_mask: 1.1327
2026/09/18 13:13:18 - mmengine - INFO - Epoch(train)  [2][100/361]  base_lr: 4.6047e-05 lr: 4.6047e-05  eta: 0:42:18  time: 0.3244  data_time: 0.0021  memory: 2077  loss: 2.9145  loss_cls: 0.8054  loss_bbox: 1.1211  loss_mask: 0.9879
2026/09/18 13:13:34 - mmengine - INFO - Epoch(train)  [2][150/361]  base_lr: 5.1052e-05 lr: 5.1052e-05  eta: 0:42:26  time: 0.3235  data_time: 0.0020  memory: 2037  loss: 2.6897  loss_cls: 0.7366  loss_bbox: 1.0895  loss_mask: 0.8636
2026/09/18 13:13:50 - mmengine - INFO - Epoch(train)  [2][200/361]  base_lr: 5.6056e-05 lr: 5.6056e-05  eta: 0:42:22  time: 0.3137  data_time: 0.0020  memory: 1911  loss: 2.5271  loss_cls: 0.7545  loss_bbox: 1.0273  loss_mask: 0.7454
2026/09/18 13:14:05 - mmengine - INFO - Epoch(train)  [2][250/361]  base_lr: 6.1061e-05 lr: 6.1061e-05  eta: 0:42:03  time: 0.2945  data_time: 0.0020  memory: 1869  loss: 2.3878  loss_cls: 0.6994  loss_bbox: 1.0145  loss_mask: 0.6739
2026/09/18 13:14:20 - mmengine - INFO - Epoch(train)  [2][300/361]  base_lr: 6.6066e-05 lr: 6.6066e-05  eta: 0:41:50  time: 0.3041  data_time: 0.0021  memory: 2033  loss: 2.2961  loss_cls: 0.6915  loss_bbox: 0.9875  loss_mask: 0.6172
2026/09/18 13:14:37 - mmengine - INFO - Epoch(train)  [2][350/361]  base_lr: 7.1071e-05 lr: 7.1071e-05  eta: 0:41:59  time: 0.3413  data_time: 0.0021  memory: 2086  loss: 2.2054  loss_cls: 0.6864  loss_bbox: 0.9390  loss_mask: 0.5800
2026/09/18 13:14:41 - mmengine - INFO - Exp name: packdet_rtmdet_ins_20260918_131054
2026/09/18 13:14:42 - mmengine - INFO - Saving checkpoint at 2 epochs
2026/09/18 13:15:00 - mmengine - INFO - Epoch(train)  [3][ 50/361]  base_lr: 7.7177e-05 lr: 7.7177e-05  eta: 0:42:11  time: 0.3354  data_time: 0.0068  memory: 2462  loss: 2.1287  loss_cls: 0.6547  loss_bbox: 0.9236  loss_mask: 0.5505
2026/09/18 13:15:17 - mmengine - INFO - Epoch(train)  [3][100/361]  base_lr: 8.2182e-05 lr: 8.2182e-05  eta: 0:42:16  time: 0.3471  data_time: 0.0021  memory: 2100  loss: 1.9488  loss_cls: 0.6478  loss_bbox: 0.8422  loss_mask: 0.4588
2026/09/18 13:15:36 - mmengine - INFO - Epoch(train)  [3][150/361]  base_lr: 8.7187e-05 lr: 8.7187e-05  eta: 0:42:32  time: 0.3765  data_time: 0.0020  memory: 2475  loss: 1.9263  loss_cls: 0.6613  loss_bbox: 0.8143  loss_mask: 0.4507
2026/09/18 13:15:56 - mmengine - INFO - Epoch(train)  [3][200/361]  base_lr: 9.2192e-05 lr: 9.2192e-05  eta: 0:42:50  time: 0.3894  data_time: 0.0021  memory: 2478  loss: 1.8533  loss_cls: 0.6574  loss_bbox: 0.7826  loss_mask: 0.4132
2026/09/18 13:16:14 - mmengine - INFO - Epoch(train)  [3][250/361]  base_lr: 9.7197e-05 lr: 9.7197e-05  eta: 0:42:58  time: 0.3744  data_time: 0.0021  memory: 2671  loss: 1.8198  loss_cls: 0.6264  loss_bbox: 0.7848  loss_mask: 0.4086
2026/09/18 13:16:26 - mmengine - INFO - Exp name: packdet_rtmdet_ins_20260918_131054
2026/09/18 13:16:34 - mmengine - INFO - Epoch(train)  [3][300/361]  base_lr: 1.0000e-04 lr: 1.0000e-04  eta: 0:43:13  time: 0.3993  data_time: 0.0019  memory: 2964  loss: 1.8896  loss_cls: 0.6274  loss_bbox: 0.7943  loss_mask: 0.4679
2026/09/18 13:16:53 - mmengine - INFO - Epoch(train)  [3][350/361]  base_lr: 1.0000e-04 lr: 1.0000e-04  eta: 0:43:19  time: 0.3841  data_time: 0.0015  memory: 2488  loss: 1.7882  loss_cls: 0.6162  loss_bbox: 0.7585  loss_mask: 0.4135
2026/09/18 13:16:58 - mmengine - INFO - Exp name: packdet_rtmdet_ins_20260918_131054
2026/09/18 13:16:59 - mmengine - INFO - Saving checkpoint at 3 epochs
2026/09/18 13:17:20 - mmengine - INFO - Epoch(train)  [4][ 50/361]  base_lr: 1.0000e-04 lr: 1.0000e-04  eta: 0:43:34  time: 0.4004  data_time: 0.0056  memory: 3131  loss: 1.8358  loss_cls: 0.6404  loss_bbox: 0.7700  loss_mask: 0.4254
2026/09/18 13:17:38 - mmengine - INFO - Epoch(train)  [4][100/361]  base_lr: 1.0000e-04 lr: 1.0000e-04  eta: 0:43:25  time: 0.3562  data_time: 0.0014  memory: 2382  loss: 1.7752  loss_cls: 0.6587  loss_bbox: 0.7526  loss_mask: 0.3638
2026/09/18 13:17:58 - mmengine - INFO - Epoch(train)  [4][150/361]  base_lr: 1.0000e-04 lr: 1.0000e-04  eta: 0:43:34  time: 0.4119  data_time: 0.0015  memory: 2531  loss: 1.7172  loss_cls: 0.6735  loss_bbox: 0.6959  loss_mask: 0.3477
2026/09/18 13:18:19 - mmengine - INFO - Epoch(train)  [4][200/361]  base_lr: 1.0000e-04 lr: 1.0000e-04  eta: 0:43:39  time: 0.4082  data_time: 0.0015  memory: 2634  loss: 1.6965  loss_cls: 0.6324  loss_bbox: 0.7174  loss_mask: 0.3467
2026/09/18 13:18:39 - mmengine - INFO - Epoch(train)  [4][250/361]  base_lr: 1.0000e-04 lr: 1.0000e-04  eta: 0:43:42  time: 0.4084  data_time: 0.0015  memory: 2791  loss: 1.7318  loss_cls: 0.6743  loss_bbox: 0.7125  loss_mask: 0.3450
2026/09/18 13:19:01 - mmengine - INFO - Epoch(train)  [4][300/361]  base_lr: 1.0000e-04 lr: 1.0000e-04  eta: 0:43:53  time: 0.4403  data_time: 0.0015  memory: 3056  loss: 1.6624  loss_cls: 0.6288  loss_bbox: 0.6970  loss_mask: 0.3366
2026/09/18 13:19:21 - mmengine - INFO - Epoch(train)  [4][350/361]  base_lr: 1.0000e-04 lr: 1.0000e-04  eta: 0:43:50  time: 0.3990  data_time: 0.0015  memory: 2478  loss: 1.6932  loss_cls: 0.6063  loss_bbox: 0.7214  loss_mask: 0.3655
2026/09/18 13:19:26 - mmengine - INFO - Exp name: packdet_rtmdet_ins_20260918_131054
2026/09/18 13:19:27 - mmengine - INFO - Saving checkpoint at 4 epochs
2026/09/18 13:19:47 - mmengine - INFO - Epoch(train)  [5][ 50/361]  base_lr: 1.0000e-04 lr: 1.0000e-04  eta: 0:43:44  time: 0.3820  data_time: 0.0063  memory: 2668  loss: 2.0604  loss_cls: 0.9103  loss_bbox: 0.7802  loss_mask: 0.3699
2026/09/18 13:20:06 - mmengine - INFO - Epoch(train)  [5][100/361]  base_lr: 1.0000e-04 lr: 1.0000e-04  eta: 0:43:33  time: 0.3750  data_time: 0.0015  memory: 2600  loss: 1.6915  loss_cls: 0.6402  loss_bbox: 0.7072  loss_mask: 0.3441
2026/09/18 13:20:27 - mmengine - INFO - Epoch(train)  [5][150/361]  base_lr: 1.0000e-04 lr: 1.0000e-04  eta: 0:43:33  time: 0.4224  data_time: 0.0015  memory: 2847  loss: 1.6532  loss_cls: 0.6425  loss_bbox: 0.6794  loss_mask: 0.3313
2026/09/18 13:20:47 - mmengine - INFO - Epoch(train)  [5][200/361]  base_lr: 1.0000e-04 lr: 1.0000e-04  eta: 0:43:26  time: 0.4000  data_time: 0.0016  memory: 3128  loss: 1.6643  loss_cls: 0.6495  loss_bbox: 0.6845  loss_mask: 0.3303
2026/09/18 13:21:05 - mmengine - INFO - Epoch(train)  [5][250/361]  base_lr: 1.0000e-04 lr: 1.0000e-04  eta: 0:43:11  time: 0.3647  data_time: 0.0014  memory: 2469  loss: 1.6139  loss_cls: 0.6264  loss_bbox: 0.6639  loss_mask: 0.3236
2026/09/18 13:21:29 - mmengine - INFO - Epoch(train)  [5][300/361]  base_lr: 1.0000e-04 lr: 1.0000e-04  eta: 0:43:19  time: 0.4751  data_time: 0.0016  memory: 3609  loss: 1.6118  loss_cls: 0.6353  loss_bbox: 0.6516  loss_mask: 0.3249
2026/09/18 13:21:53 - mmengine - INFO - Epoch(train)  [5][350/361]  base_lr: 1.0000e-04 lr: 1.0000e-04  eta: 0:43:25  time: 0.4778  data_time: 0.0016  memory: 2808  loss: 1.5521  loss_cls: 0.6042  loss_bbox: 0.6366  loss_mask: 0.3113
2026/09/18 13:21:59 - mmengine - INFO - Exp name: packdet_rtmdet_ins_20260918_131054
2026/09/18 13:21:59 - mmengine - INFO - Saving checkpoint at 5 epochs
2026/09/18 13:22:18 - mmengine - INFO - Epoch(train)  [6][ 50/361]  base_lr: 1.0000e-04 lr: 1.0000e-04  eta: 0:43:10  time: 0.3457  data_time: 0.0060  memory: 3207  loss: 1.6536  loss_cls: 0.6490  loss_bbox: 0.6803  loss_mask: 0.3244
2026/09/18 13:22:40 - mmengine - INFO - Epoch(train)  [6][100/361]  base_lr: 1.0000e-04 lr: 1.0000e-04  eta: 0:43:06  time: 0.4406  data_time: 0.0015  memory: 3507  loss: 1.5713  loss_cls: 0.6282  loss_bbox: 0.6288  loss_mask: 0.3143
2026/09/18 13:23:05 - mmengine - INFO - Epoch(train)  [6][150/361]  base_lr: 1.0000e-04 lr: 1.0000e-04  eta: 0:43:14  time: 0.5056  data_time: 0.0015  memory: 3141  loss: 1.5660  loss_cls: 0.5977  loss_bbox: 0.6472  loss_mask: 0.3211
2026/09/18 13:23:26 - mmengine - INFO - Exp name: packdet_rtmdet_ins_20260918_131054
2026/09/18 13:23:28 - mmengine - INFO - Epoch(train)  [6][200/361]  base_lr: 1.0000e-04 lr: 1.0000e-04  eta: 0:43:11  time: 0.4545  data_time: 0.0016  memory: 2820  loss: 1.5395  loss_cls: 0.6110  loss_bbox: 0.6256  loss_mask: 0.3030
2026/09/18 13:23:47 - mmengine - INFO - Epoch(train)  [6][250/361]  base_lr: 1.0000e-04 lr: 1.0000e-04  eta: 0:42:56  time: 0.3896  data_time: 0.0015  memory: 2691  loss: 1.5338  loss_cls: 0.6200  loss_bbox: 0.6076  loss_mask: 0.3061
2026/09/18 13:24:08 - mmengine - INFO - Epoch(train)  [6][300/361]  base_lr: 1.0000e-04 lr: 1.0000e-04  eta: 0:42:45  time: 0.4168  data_time: 0.0016  memory: 2606  loss: 1.5077  loss_cls: 0.6073  loss_bbox: 0.6057  loss_mask: 0.2947
2026/09/18 13:24:30 - mmengine - INFO - Epoch(train)  [6][350/361]  base_lr: 1.0000e-04 lr: 1.0000e-04  eta: 0:42:36  time: 0.4317  data_time: 0.0016  memory: 2674  loss: 1.4779  loss_cls: 0.5730  loss_bbox: 0.6100  loss_mask: 0.2949
2026/09/18 13:24:35 - mmengine - INFO - Exp name: packdet_rtmdet_ins_20260918_131054
2026/09/18 13:24:36 - mmengine - INFO - Saving checkpoint at 6 epochs
2026/09/18 13:24:52 - mmengine - INFO - Epoch(train)  [7][ 50/361]  base_lr: 1.0000e-04 lr: 1.0000e-04  eta: 0:42:08  time: 0.3075  data_time: 0.0060  memory: 2639  loss: 1.7526  loss_cls: 0.7561  loss_bbox: 0.6735  loss_mask: 0.3230
2026/09/18 13:25:11 - mmengine - INFO - Epoch(train)  [7][100/361]  base_lr: 1.0000e-04 lr: 1.0000e-04  eta: 0:41:52  time: 0.3874  data_time: 0.0016  memory: 3033  loss: 1.5039  loss_cls: 0.6346  loss_bbox: 0.5941  loss_mask: 0.2752
2026/09/18 13:25:34 - mmengine - INFO - Epoch(train)  [7][150/361]  base_lr: 1.0000e-04 lr: 1.0000e-04  eta: 0:41:46  time: 0.4556  data_time: 0.0015  memory: 2877  loss: 1.5586  loss_cls: 0.6151  loss_bbox: 0.6277  loss_mask: 0.3159
2026/09/18 13:25:57 - mmengine - INFO - Epoch(train)  [7][200/361]  base_lr: 1.0000e-04 lr: 1.0000e-04  eta: 0:41:38  time: 0.4529  data_time: 0.0015  memory: 2975  loss: 1.4778  loss_cls: 0.6073  loss_bbox: 0.5829  loss_mask: 0.2876
2026/09/18 13:26:18 - mmengine - INFO - Epoch(train)  [7][250/361]  base_lr: 1.0000e-04 lr: 1.0000e-04  eta: 0:41:27  time: 0.4267  data_time: 0.0016  memory: 3267  loss: 1.4474  loss_cls: 0.6146  loss_bbox: 0.5704  loss_mask: 0.2624
2026/09/18 13:26:40 - mmengine - INFO - Epoch(train)  [7][300/361]  base_lr: 1.0000e-04 lr: 1.0000e-04  eta: 0:41:16  time: 0.4355  data_time: 0.0015  memory: 3077  loss: 1.4681  loss_cls: 0.5884  loss_bbox: 0.5895  loss_mask: 0.2902
2026/09/18 13:27:02 - mmengine - INFO - Epoch(train)  [7][350/361]  base_lr: 1.0000e-04 lr: 1.0000e-04  eta: 0:41:04  time: 0.4349  data_time: 0.0016  memory: 3118  loss: 1.4094  loss_cls: 0.5995  loss_bbox: 0.5562  loss_mask: 0.2537
2026/09/18 13:27:08 - mmengine - INFO - Exp name: packdet_rtmdet_ins_20260918_131054
2026/09/18 13:27:08 - mmengine - INFO - Saving checkpoint at 7 epochs
2026/09/18 13:27:28 - mmengine - INFO - Epoch(train)  [8][ 50/361]  base_lr: 1.0000e-04 lr: 1.0000e-04  eta: 0:40:46  time: 0.3753  data_time: 0.0065  memory: 3126  loss: 1.5759  loss_cls: 0.6427  loss_bbox: 0.6258  loss_mask: 0.3074
2026/09/18 13:27:48 - mmengine - INFO - Epoch(train)  [8][100/361]  base_lr: 1.0000e-04 lr: 1.0000e-04  eta: 0:40:29  time: 0.3943  data_time: 0.0015  memory: 2543  loss: 1.4503  loss_cls: 0.6132  loss_bbox: 0.5717  loss_mask: 0.2654
2026/09/18 13:28:11 - mmengine - INFO - Epoch(train)  [8][150/361]  base_lr: 1.0000e-04 lr: 1.0000e-04  eta: 0:40:19  time: 0.4626  data_time: 0.0016  memory: 2878  loss: 1.4493  loss_cls: 0.5817  loss_bbox: 0.5808  loss_mask: 0.2868
2026/09/18 13:28:37 - mmengine - INFO - Epoch(train)  [8][200/361]  base_lr: 1.0000e-04 lr: 1.0000e-04  eta: 0:40:17  time: 0.5273  data_time: 0.0016  memory: 3501  loss: 1.4336  loss_cls: 0.5955  loss_bbox: 0.5695  loss_mask: 0.2685
2026/09/18 13:29:00 - mmengine - INFO - Epoch(train)  [8][250/361]  base_lr: 1.0000e-04 lr: 1.0000e-04  eta: 0:40:05  time: 0.4434  data_time: 0.0015  memory: 3542  loss: 1.4268  loss_cls: 0.6006  loss_bbox: 0.5570  loss_mask: 0.2692
2026/09/18 13:29:22 - mmengine - INFO - Epoch(train)  [8][300/361]  base_lr: 1.0000e-04 lr: 1.0000e-04  eta: 0:39:54  time: 0.4584  data_time: 0.0015  memory: 3196  loss: 1.4560  loss_cls: 0.5983  loss_bbox: 0.5770  loss_mask: 0.2807
2026/09/18 13:29:42 - mmengine - INFO - Epoch(train)  [8][350/361]  base_lr: 1.0000e-04 lr: 1.0000e-04  eta: 0:39:35  time: 0.3954  data_time: 0.0016  memory: 2960  loss: 1.4954  loss_cls: 0.6374  loss_bbox: 0.5811  loss_mask: 0.2769
2026/09/18 13:29:48 - mmengine - INFO - Exp name: packdet_rtmdet_ins_20260918_131054
2026/09/18 13:29:48 - mmengine - INFO - Saving checkpoint at 8 epochs
2026/09/18 13:30:10 - mmengine - INFO - Epoch(train)  [9][ 50/361]  base_lr: 1.0000e-04 lr: 1.0000e-04  eta: 0:39:18  time: 0.4243  data_time: 0.0062  memory: 3319  loss: 1.5994  loss_cls: 0.6706  loss_bbox: 0.6172  loss_mask: 0.3116
2026/09/18 13:30:32 - mmengine - INFO - Epoch(train)  [9][100/361]  base_lr: 1.0000e-04 lr: 1.0000e-04  eta: 0:39:04  time: 0.4444  data_time: 0.0016  memory: 2757  loss: 1.3839  loss_cls: 0.5593  loss_bbox: 0.5550  loss_mask: 0.2695
2026/09/18 13:30:38 - mmengine - INFO - Exp name: packdet_rtmdet_ins_20260918_131054
2026/09/18 13:30:55 - mmengine - INFO - Epoch(train)  [9][150/361]  base_lr: 1.0000e-04 lr: 1.0000e-04  eta: 0:38:52  time: 0.4572  data_time: 0.0016  memory: 3281  loss: 1.4078  loss_cls: 0.5516  loss_bbox: 0.5690  loss_mask: 0.2872
2026/09/18 13:31:19 - mmengine - INFO - Epoch(train)  [9][200/361]  base_lr: 1.0000e-04 lr: 1.0000e-04  eta: 0:38:40  time: 0.4672  data_time: 0.0016  memory: 2965  loss: 1.2775  loss_cls: 0.5368  loss_bbox: 0.5149  loss_mask: 0.2258
2026/09/18 13:31:41 - mmengine - INFO - Epoch(train)  [9][250/361]  base_lr: 1.0000e-04 lr: 1.0000e-04  eta: 0:38:25  time: 0.4402  data_time: 0.0016  memory: 2550  loss: 1.3217  loss_cls: 0.5745  loss_bbox: 0.5174  loss_mask: 0.2298
2026/09/18 13:32:03 - mmengine - INFO - Epoch(train)  [9][300/361]  base_lr: 1.0000e-04 lr: 1.0000e-04  eta: 0:38:11  time: 0.4541  data_time: 0.0015  memory: 2879  loss: 1.4046  loss_cls: 0.5884  loss_bbox: 0.5536  loss_mask: 0.2625
2026/09/18 13:32:25 - mmengine - INFO - Epoch(train)  [9][350/361]  base_lr: 1.0000e-04 lr: 1.0000e-04  eta: 0:37:55  time: 0.4347  data_time: 0.0015  memory: 2810  loss: 1.3680  loss_cls: 0.5653  loss_bbox: 0.5434  loss_mask: 0.2594
2026/09/18 13:32:31 - mmengine - INFO - Exp name: packdet_rtmdet_ins_20260918_131054
2026/09/18 13:32:31 - mmengine - INFO - Saving checkpoint at 9 epochs
2026/09/18 13:32:52 - mmengine - INFO - Epoch(train) [10][ 50/361]  base_lr: 1.0000e-04 lr: 1.0000e-04  eta: 0:37:33  time: 0.3950  data_time: 0.0061  memory: 3039  loss: 1.4906  loss_cls: 0.6493  loss_bbox: 0.5637  loss_mask: 0.2776
2026/09/18 13:33:13 - mmengine - INFO - Epoch(train) [10][100/361]  base_lr: 1.0000e-04 lr: 1.0000e-04  eta: 0:37:16  time: 0.4235  data_time: 0.0015  memory: 3090  loss: 1.3450  loss_cls: 0.5670  loss_bbox: 0.5306  loss_mask: 0.2473
2026/09/18 13:33:36 - mmengine - INFO - Epoch(train) [10][150/361]  base_lr: 1.0000e-04 lr: 1.0000e-04  eta: 0:37:02  time: 0.4618  data_time: 0.0016  memory: 2946  loss: 1.3235  loss_cls: 0.5496  loss_bbox: 0.5262  loss_mask: 0.2476
2026/09/18 13:34:00 - mmengine - INFO - Epoch(train) [10][200/361]  base_lr: 1.0000e-04 lr: 1.0000e-04  eta: 0:36:49  time: 0.4767  data_time: 0.0015  memory: 2977  loss: 1.2798  loss_cls: 0.5269  loss_bbox: 0.5168  loss_mask: 0.2361
2026/09/18 13:34:20 - mmengine - INFO - Epoch(train) [10][250/361]  base_lr: 1.0000e-04 lr: 1.0000e-04  eta: 0:36:30  time: 0.4094  data_time: 0.0017  memory: 2927  loss: 1.2882  loss_cls: 0.5368  loss_bbox: 0.5196  loss_mask: 0.2318
2026/09/18 13:34:43 - mmengine - INFO - Epoch(train) [10][300/361]  base_lr: 1.0000e-04 lr: 1.0000e-04  eta: 0:36:14  time: 0.4527  data_time: 0.0016  memory: 2762  loss: 1.3212  loss_cls: 0.5522  loss_bbox: 0.5216  loss_mask: 0.2474
2026/09/18 13:35:06 - mmengine - INFO - Epoch(train) [10][350/361]  base_lr: 1.0000e-04 lr: 1.0000e-04  eta: 0:35:59  time: 0.4606  data_time: 0.0016  memory: 3198  loss: 1.3004  loss_cls: 0.5565  loss_bbox: 0.5147  loss_mask: 0.2292
2026/09/18 13:35:13 - mmengine - INFO - Exp name: packdet_rtmdet_ins_20260918_131054
2026/09/18 13:35:13 - mmengine - INFO - Saving checkpoint at 10 epochs
2026/09/18 13:35:33 - mmengine - INFO - Epoch(train) [11][ 50/361]  base_lr: 1.0000e-04 lr: 1.0000e-04  eta: 0:35:37  time: 0.3762  data_time: 0.0057  memory: 3216  loss: 1.3909  loss_cls: 0.5912  loss_bbox: 0.5314  loss_mask: 0.2682
2026/09/18 13:35:53 - mmengine - INFO - Epoch(train) [11][100/361]  base_lr: 1.0000e-04 lr: 1.0000e-04  eta: 0:35:17  time: 0.4036  data_time: 0.0017  memory: 2450  loss: 1.2484  loss_cls: 0.5272  loss_bbox: 0.4978  loss_mask: 0.2233
2026/09/18 13:36:17 - mmengine - INFO - Epoch(train) [11][150/361]  base_lr: 1.0000e-04 lr: 1.0000e-04  eta: 0:35:03  time: 0.4767  data_time: 0.0016  memory: 2877  loss: 1.2724  loss_cls: 0.5307  loss_bbox: 0.5040  loss_mask: 0.2377
2026/09/18 13:36:43 - mmengine - INFO - Epoch(train) [11][200/361]  base_lr: 1.0000e-04 lr: 1.0000e-04  eta: 0:34:51  time: 0.5139  data_time: 0.0015  memory: 3848  loss: 1.3381  loss_cls: 0.5755  loss_bbox: 0.5201  loss_mask: 0.2425
2026/09/18 13:37:07 - mmengine - INFO - Epoch(train) [11][250/361]  base_lr: 1.0000e-04 lr: 1.0000e-04  eta: 0:34:37  time: 0.4929  data_time: 0.0016  memory: 3181  loss: 1.2869  loss_cls: 0.5372  loss_bbox: 0.5064  loss_mask: 0.2432
2026/09/18 13:37:30 - mmengine - INFO - Epoch(train) [11][300/361]  base_lr: 1.0000e-04 lr: 1.0000e-04  eta: 0:34:20  time: 0.4551  data_time: 0.0016  memory: 3114  loss: 1.3260  loss_cls: 0.5664  loss_bbox: 0.5049  loss_mask: 0.2548
2026/09/18 13:37:53 - mmengine - INFO - Epoch(train) [11][350/361]  base_lr: 1.0000e-04 lr: 1.0000e-04  eta: 0:34:03  time: 0.4501  data_time: 0.0016  memory: 2804  loss: 1.2906  loss_cls: 0.5512  loss_bbox: 0.5022  loss_mask: 0.2371
2026/09/18 13:37:59 - mmengine - INFO - Exp name: packdet_rtmdet_ins_20260918_131054
2026/09/18 13:37:59 - mmengine - INFO - Saving checkpoint at 11 epochs
2026/09/18 13:38:12 - mmengine - INFO - Exp name: packdet_rtmdet_ins_20260918_131054
2026/09/18 13:38:22 - mmengine - INFO - Epoch(train) [12][ 50/361]  base_lr: 1.0000e-04 lr: 1.0000e-04  eta: 0:33:42  time: 0.4295  data_time: 0.0070  memory: 3135  loss: 1.4087  loss_cls: 0.6024  loss_bbox: 0.5492  loss_mask: 0.2572
2026/09/18 13:38:44 - mmengine - INFO - Epoch(train) [12][100/361]  base_lr: 1.0000e-04 lr: 1.0000e-04  eta: 0:33:24  time: 0.4436  data_time: 0.0016  memory: 3062  loss: 1.2573  loss_cls: 0.5266  loss_bbox: 0.5015  loss_mask: 0.2292
2026/09/18 13:39:09 - mmengine - INFO - Epoch(train) [12][150/361]  base_lr: 1.0000e-04 lr: 1.0000e-04  eta: 0:33:10  time: 0.5075  data_time: 0.0016  memory: 3453  loss: 1.2647  loss_cls: 0.5202  loss_bbox: 0.4987  loss_mask: 0.2458
2026/09/18 13:39:34 - mmengine - INFO - Epoch(train) [12][200/361]  base_lr: 1.0000e-04 lr: 1.0000e-04  eta: 0:32:54  time: 0.4876  data_time: 0.0016  memory: 3147  loss: 1.2519  loss_cls: 0.5296  loss_bbox: 0.4944  loss_mask: 0.2280
2026/09/18 13:39:56 - mmengine - INFO - Epoch(train) [12][250/361]  base_lr: 1.0000e-04 lr: 1.0000e-04  eta: 0:32:36  time: 0.4443  data_time: 0.0016  memory: 3058  loss: 1.2426  loss_cls: 0.5337  loss_bbox: 0.4864  loss_mask: 0.2225
2026/09/18 13:40:18 - mmengine - INFO - Epoch(train) [12][300/361]  base_lr: 1.0000e-04 lr: 1.0000e-04  eta: 0:32:18  time: 0.4486  data_time: 0.0016  memory: 3538  loss: 1.2730  loss_cls: 0.5302  loss_bbox: 0.5089  loss_mask: 0.2339
2026/09/18 13:40:41 - mmengine - INFO - Epoch(train) [12][350/361]  base_lr: 1.0000e-04 lr: 1.0000e-04  eta: 0:32:00  time: 0.4480  data_time: 0.0015  memory: 3055  loss: 1.2859  loss_cls: 0.5149  loss_bbox: 0.5116  loss_mask: 0.2595
2026/09/18 13:40:46 - mmengine - INFO - Exp name: packdet_rtmdet_ins_20260918_131054
2026/09/18 13:40:47 - mmengine - INFO - Saving checkpoint at 12 epochs
2026/09/18 13:41:08 - mmengine - INFO - Epoch(train) [13][ 50/361]  base_lr: 1.0000e-04 lr: 1.0000e-04  eta: 0:31:36  time: 0.4083  data_time: 0.0065  memory: 3112  loss: 1.2411  loss_cls: 0.5352  loss_bbox: 0.4817  loss_mask: 0.2242
2026/09/18 13:41:30 - mmengine - INFO - Epoch(train) [13][100/361]  base_lr: 1.0000e-04 lr: 1.0000e-04  eta: 0:31:18  time: 0.4423  data_time: 0.0016  memory: 2804  loss: 1.2322  loss_cls: 0.5348  loss_bbox: 0.4767  loss_mask: 0.2206
2026/09/18 13:41:55 - mmengine - INFO - Epoch(train) [13][150/361]  base_lr: 1.0000e-04 lr: 1.0000e-04  eta: 0:31:02  time: 0.4927  data_time: 0.0016  memory: 2990  loss: 1.2850  loss_cls: 0.5350  loss_bbox: 0.5011  loss_mask: 0.2489
2026/09/18 13:42:19 - mmengine - INFO - Epoch(train) [13][200/361]  base_lr: 1.0000e-04 lr: 1.0000e-04  eta: 0:30:44  time: 0.4775  data_time: 0.0016  memory: 3005  loss: 1.3129  loss_cls: 0.5594  loss_bbox: 0.5086  loss_mask: 0.2449
2026/09/18 13:42:40 - mmengine - INFO - Epoch(train) [13][250/361]  base_lr: 1.0000e-04 lr: 1.0000e-04  eta: 0:30:25  time: 0.4229  data_time: 0.0016  memory: 3274  loss: 1.2972  loss_cls: 0.5609  loss_bbox: 0.4968  loss_mask: 0.2395
2026/09/18 13:43:02 - mmengine - INFO - Epoch(train) [13][300/361]  base_lr: 1.0000e-04 lr: 1.0000e-04  eta: 0:30:06  time: 0.4455  data_time: 0.0015  memory: 2768  loss: 1.2533  loss_cls: 0.5330  loss_bbox: 0.4963  loss_mask: 0.2239
2026/09/18 13:43:23 - mmengine - INFO - Epoch(train) [13][350/361]  base_lr: 1.0000e-04 lr: 1.0000e-04  eta: 0:29:45  time: 0.4163  data_time: 0.0015  memory: 2773  loss: 1.2408  loss_cls: 0.5268  loss_bbox: 0.4936  loss_mask: 0.2205
2026/09/18 13:43:29 - mmengine - INFO - Exp name: packdet_rtmdet_ins_20260918_131054
2026/09/18 13:43:30 - mmengine - INFO - Saving checkpoint at 13 epochs
2026/09/18 13:43:49 - mmengine - INFO - Epoch(train) [14][ 50/361]  base_lr: 1.0000e-04 lr: 1.0000e-04  eta: 0:29:19  time: 0.3649  data_time: 0.0060  memory: 2794  loss: 1.4082  loss_cls: 0.5999  loss_bbox: 0.5413  loss_mask: 0.2670
2026/09/18 13:44:13 - mmengine - INFO - Epoch(train) [14][100/361]  base_lr: 1.0000e-04 lr: 1.0000e-04  eta: 0:29:02  time: 0.4920  data_time: 0.0016  memory: 3668  loss: 1.2224  loss_cls: 0.5146  loss_bbox: 0.4811  loss_mask: 0.2267
2026/09/18 13:44:40 - mmengine - INFO - Epoch(train) [14][150/361]  base_lr: 1.0000e-04 lr: 1.0000e-04  eta: 0:28:47  time: 0.5237  data_time: 0.0016  memory: 3364  loss: 1.2506  loss_cls: 0.5091  loss_bbox: 0.4952  loss_mask: 0.2463
2026/09/18 13:45:04 - mmengine - INFO - Epoch(train) [14][200/361]  base_lr: 1.0000e-04 lr: 1.0000e-04  eta: 0:28:29  time: 0.4806  data_time: 0.0016  memory: 3293  loss: 1.3066  loss_cls: 0.5404  loss_bbox: 0.5129  loss_mask: 0.2533
2026/09/18 13:45:28 - mmengine - INFO - Epoch(train) [14][250/361]  base_lr: 1.0000e-04 lr: 1.0000e-04  eta: 0:28:11  time: 0.4769  data_time: 0.0016  memory: 3197  loss: 1.2662  loss_cls: 0.5379  loss_bbox: 0.4881  loss_mask: 0.2402
2026/09/18 13:45:49 - mmengine - INFO - Epoch(train) [14][300/361]  base_lr: 1.0000e-04 lr: 1.0000e-04  eta: 0:27:51  time: 0.4275  data_time: 0.0016  memory: 3463  loss: 1.2193  loss_cls: 0.5481  loss_bbox: 0.4640  loss_mask: 0.2073
2026/09/18 13:45:51 - mmengine - INFO - Exp name: packdet_rtmdet_ins_20260918_131054
2026/09/18 13:46:09 - mmengine - INFO - Epoch(train) [14][350/361]  base_lr: 1.0000e-04 lr: 1.0000e-04  eta: 0:27:30  time: 0.4054  data_time: 0.0016  memory: 2618  loss: 1.2692  loss_cls: 0.5544  loss_bbox: 0.4841  loss_mask: 0.2307
2026/09/18 13:46:15 - mmengine - INFO - Exp name: packdet_rtmdet_ins_20260918_131054
2026/09/18 13:46:15 - mmengine - INFO - Saving checkpoint at 14 epochs
2026/09/18 13:46:36 - mmengine - INFO - Epoch(train) [15][ 50/361]  base_lr: 1.0000e-04 lr: 1.0000e-04  eta: 0:27:04  time: 0.3975  data_time: 0.0056  memory: 3445  loss: 1.2686  loss_cls: 0.5349  loss_bbox: 0.4912  loss_mask: 0.2425
2026/09/18 13:46:58 - mmengine - INFO - Epoch(train) [15][100/361]  base_lr: 1.0000e-04 lr: 1.0000e-04  eta: 0:26:44  time: 0.4356  data_time: 0.0016  memory: 3220  loss: 1.2337  loss_cls: 0.5143  loss_bbox: 0.4878  loss_mask: 0.2316
2026/09/18 13:47:21 - mmengine - INFO - Epoch(train) [15][150/361]  base_lr: 1.0000e-04 lr: 1.0000e-04  eta: 0:26:26  time: 0.4728  data_time: 0.0016  memory: 2737  loss: 1.1924  loss_cls: 0.5057  loss_bbox: 0.4653  loss_mask: 0.2214
2026/09/18 13:47:44 - mmengine - INFO - Epoch(train) [15][200/361]  base_lr: 1.0000e-04 lr: 1.0000e-04  eta: 0:26:07  time: 0.4626  data_time: 0.0016  memory: 3106  loss: 1.1673  loss_cls: 0.4911  loss_bbox: 0.4610  loss_mask: 0.2152
2026/09/18 13:48:07 - mmengine - INFO - Epoch(train) [15][250/361]  base_lr: 1.0000e-04 lr: 1.0000e-04  eta: 0:25:47  time: 0.4579  data_time: 0.0016  memory: 3110  loss: 1.1298  loss_cls: 0.4806  loss_bbox: 0.4493  loss_mask: 0.1999
2026/09/18 13:48:32 - mmengine - INFO - Epoch(train) [15][300/361]  base_lr: 1.0000e-04 lr: 1.0000e-04  eta: 0:25:29  time: 0.4934  data_time: 0.0017  memory: 2971  loss: 1.1550  loss_cls: 0.4923  loss_bbox: 0.4518  loss_mask: 0.2108
2026/09/18 13:48:53 - mmengine - INFO - Epoch(train) [15][350/361]  base_lr: 1.0000e-04 lr: 1.0000e-04  eta: 0:25:09  time: 0.4288  data_time: 0.0016  memory: 2958  loss: 1.2577  loss_cls: 0.5159  loss_bbox: 0.4993  loss_mask: 0.2425
2026/09/18 13:48:59 - mmengine - INFO - Exp name: packdet_rtmdet_ins_20260918_131054
2026/09/18 13:49:00 - mmengine - INFO - Saving checkpoint at 15 epochs
2026/09/18 13:49:20 - mmengine - INFO - Epoch(train) [16][ 50/361]  base_lr: 1.0000e-04 lr: 1.0000e-04  eta: 0:24:43  time: 0.3834  data_time: 0.0064  memory: 2787  loss: 1.3149  loss_cls: 0.5765  loss_bbox: 0.5127  loss_mask: 0.2256
2026/09/18 13:49:41 - mmengine - INFO - Epoch(train) [16][100/361]  base_lr: 1.0000e-04 lr: 1.0000e-04  eta: 0:24:23  time: 0.4260  data_time: 0.0017  memory: 2966  loss: 1.1694  loss_cls: 0.4995  loss_bbox: 0.4589  loss_mask: 0.2111
2026/09/18 13:50:07 - mmengine - INFO - Epoch(train) [16][150/361]  base_lr: 1.0000e-04 lr: 1.0000e-04  eta: 0:24:05  time: 0.5198  data_time: 0.0016  memory: 3473  loss: 1.2105  loss_cls: 0.4875  loss_bbox: 0.4805  loss_mask: 0.2425
2026/09/18 13:50:32 - mmengine - INFO - Epoch(train) [16][200/361]  base_lr: 1.0000e-04 lr: 1.0000e-04  eta: 0:23:47  time: 0.5026  data_time: 0.0017  memory: 3201  loss: 1.1579  loss_cls: 0.4812  loss_bbox: 0.4601  loss_mask: 0.2167
2026/09/18 13:50:58 - mmengine - INFO - Epoch(train) [16][250/361]  base_lr: 1.0000e-04 lr: 1.0000e-04  eta: 0:23:28  time: 0.5061  data_time: 0.0016  memory: 3361  loss: 1.1689  loss_cls: 0.4863  loss_bbox: 0.4633  loss_mask: 0.2193
2026/09/18 13:51:24 - mmengine - INFO - Epoch(train) [16][300/361]  base_lr: 1.0000e-04 lr: 1.0000e-04  eta: 0:23:11  time: 0.5339  data_time: 0.0016  memory: 3843  loss: 1.1437  loss_cls: 0.4867  loss_bbox: 0.4515  loss_mask: 0.2054
2026/09/18 13:51:50 - mmengine - INFO - Epoch(train) [16][350/361]  base_lr: 1.0000e-04 lr: 1.0000e-04  eta: 0:22:52  time: 0.5120  data_time: 0.0016  memory: 3128  loss: 1.1228  loss_cls: 0.4740  loss_bbox: 0.4488  loss_mask: 0.2001
2026/09/18 13:51:56 - mmengine - INFO - Exp name: packdet_rtmdet_ins_20260918_131054
2026/09/18 13:51:56 - mmengine - INFO - Saving checkpoint at 16 epochs
2026/09/18 13:52:18 - mmengine - INFO - Epoch(train) [17][ 50/361]  base_lr: 1.0000e-04 lr: 1.0000e-04  eta: 0:22:27  time: 0.4102  data_time: 0.0092  memory: 3241  loss: 1.2969  loss_cls: 0.5557  loss_bbox: 0.5047  loss_mask: 0.2366
2026/09/18 13:52:41 - mmengine - INFO - Epoch(train) [17][100/361]  base_lr: 1.0000e-04 lr: 1.0000e-04  eta: 0:22:07  time: 0.4651  data_time: 0.0016  memory: 2727  loss: 1.1552  loss_cls: 0.4966  loss_bbox: 0.4521  loss_mask: 0.2065
2026/09/18 13:53:05 - mmengine - INFO - Epoch(train) [17][150/361]  base_lr: 1.0000e-04 lr: 1.0000e-04  eta: 0:21:47  time: 0.4729  data_time: 0.0017  memory: 3129  loss: 1.2186  loss_cls: 0.5057  loss_bbox: 0.4775  loss_mask: 0.2354
2026/09/18 13:53:30 - mmengine - INFO - Epoch(train) [17][200/361]  base_lr: 1.0000e-04 lr: 1.0000e-04  eta: 0:21:28  time: 0.4969  data_time: 0.0016  memory: 3677  loss: 1.1407  loss_cls: 0.4559  loss_bbox: 0.4649  loss_mask: 0.2199
2026/09/18 13:53:42 - mmengine - INFO - Exp name: packdet_rtmdet_ins_20260918_131054
2026/09/18 13:53:52 - mmengine - INFO - Epoch(train) [17][250/361]  base_lr: 1.0000e-04 lr: 1.0000e-04  eta: 0:21:08  time: 0.4432  data_time: 0.0017  memory: 3048  loss: 1.1795  loss_cls: 0.4930  loss_bbox: 0.4715  loss_mask: 0.2151
2026/09/18 13:54:17 - mmengine - INFO - Epoch(train) [17][300/361]  base_lr: 1.0000e-04 lr: 1.0000e-04  eta: 0:20:48  time: 0.4940  data_time: 0.0016  memory: 3880  loss: 1.1722  loss_cls: 0.4815  loss_bbox: 0.4651  loss_mask: 0.2256
2026/09/18 13:54:44 - mmengine - INFO - Epoch(train) [17][350/361]  base_lr: 1.0000e-04 lr: 1.0000e-04  eta: 0:20:30  time: 0.5559  data_time: 0.0016  memory: 3203  loss: 1.1619  loss_cls: 0.4718  loss_bbox: 0.4702  loss_mask: 0.2199
2026/09/18 13:54:51 - mmengine - INFO - Exp name: packdet_rtmdet_ins_20260918_131054
2026/09/18 13:54:52 - mmengine - INFO - Saving checkpoint at 17 epochs
2026/09/18 13:55:14 - mmengine - INFO - Epoch(train) [18][ 50/361]  base_lr: 1.0000e-04 lr: 1.0000e-04  eta: 0:20:05  time: 0.4182  data_time: 0.0062  memory: 2916  loss: 1.2242  loss_cls: 0.5248  loss_bbox: 0.4772  loss_mask: 0.2221
2026/09/18 13:55:34 - mmengine - INFO - Epoch(train) [18][100/361]  base_lr: 1.0000e-04 lr: 1.0000e-04  eta: 0:19:44  time: 0.4180  data_time: 0.0016  memory: 2819  loss: 1.1046  loss_cls: 0.4654  loss_bbox: 0.4400  loss_mask: 0.1992
2026/09/18 13:55:57 - mmengine - INFO - Epoch(train) [18][150/361]  base_lr: 1.0000e-04 lr: 1.0000e-04  eta: 0:19:23  time: 0.4525  data_time: 0.0016  memory: 3152  loss: 1.1014  loss_cls: 0.4533  loss_bbox: 0.4448  loss_mask: 0.2032
2026/09/18 13:56:22 - mmengine - INFO - Epoch(train) [18][200/361]  base_lr: 1.0000e-04 lr: 1.0000e-04  eta: 0:19:03  time: 0.5014  data_time: 0.0016  memory: 3138  loss: 1.1121  loss_cls: 0.4622  loss_bbox: 0.4472  loss_mask: 0.2027
2026/09/18 13:56:47 - mmengine - INFO - Epoch(train) [18][250/361]  base_lr: 1.0000e-04 lr: 1.0000e-04  eta: 0:18:44  time: 0.5025  data_time: 0.0016  memory: 3838  loss: 1.1277  loss_cls: 0.4564  loss_bbox: 0.4609  loss_mask: 0.2103
2026/09/18 13:57:10 - mmengine - INFO - Epoch(train) [18][300/361]  base_lr: 1.0000e-04 lr: 1.0000e-04  eta: 0:18:23  time: 0.4525  data_time: 0.0016  memory: 3278  loss: 1.0935  loss_cls: 0.4372  loss_bbox: 0.4502  loss_mask: 0.2061
2026/09/18 13:57:32 - mmengine - INFO - Epoch(train) [18][350/361]  base_lr: 1.0000e-04 lr: 1.0000e-04  eta: 0:18:02  time: 0.4426  data_time: 0.0016  memory: 3235  loss: 1.1198  loss_cls: 0.4667  loss_bbox: 0.4427  loss_mask: 0.2104
2026/09/18 13:57:38 - mmengine - INFO - Exp name: packdet_rtmdet_ins_20260918_131054
2026/09/18 13:57:38 - mmengine - INFO - Saving checkpoint at 18 epochs
2026/09/18 13:57:58 - mmengine - INFO - Epoch(train) [19][ 50/361]  base_lr: 1.0000e-04 lr: 1.0000e-04  eta: 0:17:35  time: 0.3680  data_time: 0.0064  memory: 3026  loss: 1.2044  loss_cls: 0.5353  loss_bbox: 0.4586  loss_mask: 0.2105
2026/09/18 13:58:18 - mmengine - INFO - Epoch(train) [19][100/361]  base_lr: 1.0000e-04 lr: 1.0000e-04  eta: 0:17:13  time: 0.3919  data_time: 0.0016  memory: 2671  loss: 1.0787  loss_cls: 0.4711  loss_bbox: 0.4247  loss_mask: 0.1828
2026/09/18 13:58:43 - mmengine - INFO - Epoch(train) [19][150/361]  base_lr: 1.0000e-04 lr: 1.0000e-04  eta: 0:16:53  time: 0.5071  data_time: 0.0017  memory: 3194  loss: 1.1099  loss_cls: 0.4584  loss_bbox: 0.4456  loss_mask: 0.2059
2026/09/18 13:59:11 - mmengine - INFO - Epoch(train) [19][200/361]  base_lr: 1.0000e-04 lr: 1.0000e-04  eta: 0:16:34  time: 0.5536  data_time: 0.0016  memory: 3864  loss: 1.1049  loss_cls: 0.4627  loss_bbox: 0.4417  loss_mask: 0.2005
2026/09/18 13:59:35 - mmengine - INFO - Epoch(train) [19][250/361]  base_lr: 1.0000e-04 lr: 1.0000e-04  eta: 0:16:14  time: 0.4946  data_time: 0.0017  memory: 4006  loss: 1.1082  loss_cls: 0.4635  loss_bbox: 0.4445  loss_mask: 0.2001
2026/09/18 13:59:58 - mmengine - INFO - Epoch(train) [19][300/361]  base_lr: 1.0000e-04 lr: 1.0000e-04  eta: 0:15:53  time: 0.4502  data_time: 0.0016  memory: 2758  loss: 1.0676  loss_cls: 0.4413  loss_bbox: 0.4320  loss_mask: 0.1943
2026/09/18 14:00:21 - mmengine - INFO - Epoch(train) [19][350/361]  base_lr: 1.0000e-04 lr: 1.0000e-04  eta: 0:15:32  time: 0.4635  data_time: 0.0016  memory: 3093  loss: 1.1477  loss_cls: 0.4691  loss_bbox: 0.4594  loss_mask: 0.2191
2026/09/18 14:00:28 - mmengine - INFO - Exp name: packdet_rtmdet_ins_20260918_131054
2026/09/18 14:00:28 - mmengine - INFO - Saving checkpoint at 19 epochs
2026/09/18 14:00:52 - mmengine - INFO - Epoch(train) [20][ 50/361]  base_lr: 1.0000e-04 lr: 1.0000e-04  eta: 0:15:07  time: 0.4640  data_time: 0.0057  memory: 3302  loss: 1.2293  loss_cls: 0.5059  loss_bbox: 0.4858  loss_mask: 0.2376
2026/09/18 14:01:13 - mmengine - INFO - Epoch(train) [20][100/361]  base_lr: 1.0000e-04 lr: 1.0000e-04  eta: 0:14:46  time: 0.4187  data_time: 0.0016  memory: 2862  loss: 1.1055  loss_cls: 0.4627  loss_bbox: 0.4421  loss_mask: 0.2007
2026/09/18 14:01:33 - mmengine - INFO - Exp name: packdet_rtmdet_ins_20260918_131054
2026/09/18 14:01:36 - mmengine - INFO - Epoch(train) [20][150/361]  base_lr: 1.0000e-04 lr: 1.0000e-04  eta: 0:14:25  time: 0.4612  data_time: 0.0016  memory: 3051  loss: 1.1343  loss_cls: 0.4753  loss_bbox: 0.4442  loss_mask: 0.2149
2026/09/18 14:02:03 - mmengine - INFO - Epoch(train) [20][200/361]  base_lr: 1.0000e-04 lr: 1.0000e-04  eta: 0:14:05  time: 0.5258  data_time: 0.0016  memory: 3216  loss: 1.1019  loss_cls: 0.4498  loss_bbox: 0.4463  loss_mask: 0.2058
2026/09/18 14:02:27 - mmengine - INFO - Epoch(train) [20][250/361]  base_lr: 1.0000e-04 lr: 1.0000e-04  eta: 0:13:44  time: 0.4845  data_time: 0.0016  memory: 3367  loss: 1.0754  loss_cls: 0.4717  loss_bbox: 0.4213  loss_mask: 0.1823
2026/09/18 14:02:51 - mmengine - INFO - Epoch(train) [20][300/361]  base_lr: 1.0000e-04 lr: 1.0000e-04  eta: 0:13:23  time: 0.4799  data_time: 0.0017  memory: 3196  loss: 1.1203  loss_cls: 0.4638  loss_bbox: 0.4427  loss_mask: 0.2138
2026/09/18 14:03:18 - mmengine - INFO - Epoch(train) [20][350/361]  base_lr: 1.0000e-04 lr: 1.0000e-04  eta: 0:13:03  time: 0.5402  data_time: 0.0018  memory: 3422  loss: 1.0268  loss_cls: 0.4282  loss_bbox: 0.4144  loss_mask: 0.1842
2026/09/18 14:03:24 - mmengine - INFO - Exp name: packdet_rtmdet_ins_20260918_131054
2026/09/18 14:03:25 - mmengine - INFO - Saving checkpoint at 20 epochs
2026/09/18 14:03:49 - mmengine - INFO - Epoch(train) [21][ 50/361]  base_lr: 1.0000e-04 lr: 1.0000e-04  eta: 0:12:37  time: 0.4616  data_time: 0.0057  memory: 4346  loss: 1.2926  loss_cls: 0.5637  loss_bbox: 0.4854  loss_mask: 0.2435
2026/09/18 14:04:14 - mmengine - INFO - Epoch(train) [21][100/361]  base_lr: 1.0000e-04 lr: 1.0000e-04  eta: 0:12:16  time: 0.4907  data_time: 0.0016  memory: 3035  loss: 1.1330  loss_cls: 0.4719  loss_bbox: 0.4392  loss_mask: 0.2219
2026/09/18 14:04:38 - mmengine - INFO - Epoch(train) [21][150/361]  base_lr: 1.0000e-04 lr: 1.0000e-04  eta: 0:11:55  time: 0.4816  data_time: 0.0016  memory: 3089  loss: 1.1107  loss_cls: 0.4761  loss_bbox: 0.4340  loss_mask: 0.2005
2026/09/18 14:05:03 - mmengine - INFO - Epoch(train) [21][200/361]  base_lr: 1.0000e-04 lr: 1.0000e-04  eta: 0:11:34  time: 0.5082  data_time: 0.0017  memory: 3233  loss: 1.0748  loss_cls: 0.4482  loss_bbox: 0.4256  loss_mask: 0.2010
2026/09/18 14:05:27 - mmengine - INFO - Epoch(train) [21][250/361]  base_lr: 1.0000e-04 lr: 1.0000e-04  eta: 0:11:13  time: 0.4838  data_time: 0.0016  memory: 3273  loss: 1.0478  loss_cls: 0.4394  loss_bbox: 0.4205  loss_mask: 0.1879
2026/09/18 14:05:55 - mmengine - INFO - Epoch(train) [21][300/361]  base_lr: 1.0000e-04 lr: 1.0000e-04  eta: 0:10:53  time: 0.5580  data_time: 0.0017  memory: 3325  loss: 1.0725  loss_cls: 0.4430  loss_bbox: 0.4277  loss_mask: 0.2018
2026/09/18 14:06:21 - mmengine - INFO - Epoch(train) [21][350/361]  base_lr: 1.0000e-04 lr: 1.0000e-04  eta: 0:10:32  time: 0.5210  data_time: 0.0017  memory: 3350  loss: 1.0273  loss_cls: 0.4267  loss_bbox: 0.4137  loss_mask: 0.1869
2026/09/18 14:06:28 - mmengine - INFO - Exp name: packdet_rtmdet_ins_20260918_131054
2026/09/18 14:06:29 - mmengine - INFO - Saving checkpoint at 21 epochs
2026/09/18 14:06:55 - mmengine - INFO - Epoch(train) [22][ 50/361]  base_lr: 1.0000e-04 lr: 1.0000e-04  eta: 0:10:07  time: 0.5130  data_time: 0.0075  memory: 4202  loss: 1.2577  loss_cls: 0.4782  loss_bbox: 0.5064  loss_mask: 0.2731
2026/09/18 14:07:19 - mmengine - INFO - Epoch(train) [22][100/361]  base_lr: 1.0000e-04 lr: 1.0000e-04  eta: 0:09:45  time: 0.4776  data_time: 0.0016  memory: 3135  loss: 1.0162  loss_cls: 0.4195  loss_bbox: 0.4096  loss_mask: 0.1871
2026/09/18 14:07:44 - mmengine - INFO - Epoch(train) [22][150/361]  base_lr: 1.0000e-04 lr: 1.0000e-04  eta: 0:09:24  time: 0.4992  data_time: 0.0016  memory: 3492  loss: 1.0655  loss_cls: 0.4378  loss_bbox: 0.4275  loss_mask: 0.2003
2026/09/18 14:08:12 - mmengine - INFO - Epoch(train) [22][200/361]  base_lr: 1.0000e-04 lr: 1.0000e-04  eta: 0:09:03  time: 0.5597  data_time: 0.0016  memory: 3725  loss: 1.0598  loss_cls: 0.4443  loss_bbox: 0.4232  loss_mask: 0.1923
2026/09/18 14:08:37 - mmengine - INFO - Epoch(train) [22][250/361]  base_lr: 1.0000e-04 lr: 1.0000e-04  eta: 0:08:42  time: 0.5021  data_time: 0.0016  memory: 3140  loss: 1.0071  loss_cls: 0.4288  loss_bbox: 0.4036  loss_mask: 0.1747
2026/09/18 14:09:01 - mmengine - INFO - Epoch(train) [22][300/361]  base_lr: 1.0000e-04 lr: 1.0000e-04  eta: 0:08:20  time: 0.4642  data_time: 0.0016  memory: 3017  loss: 1.0408  loss_cls: 0.4464  loss_bbox: 0.4040  loss_mask: 0.1904
2026/09/18 14:09:24 - mmengine - INFO - Epoch(train) [22][350/361]  base_lr: 1.0000e-04 lr: 1.0000e-04  eta: 0:07:59  time: 0.4784  data_time: 0.0017  memory: 3009  loss: 1.0220  loss_cls: 0.4309  loss_bbox: 0.4156  loss_mask: 0.1755
2026/09/18 14:09:30 - mmengine - INFO - Exp name: packdet_rtmdet_ins_20260918_131054
2026/09/18 14:09:30 - mmengine - INFO - Saving checkpoint at 22 epochs
2026/09/18 14:09:51 - mmengine - INFO - Epoch(train) [23][ 50/361]  base_lr: 1.0000e-04 lr: 1.0000e-04  eta: 0:07:32  time: 0.3981  data_time: 0.0063  memory: 3151  loss: 1.2424  loss_cls: 0.5275  loss_bbox: 0.4817  loss_mask: 0.2332
2026/09/18 14:09:54 - mmengine - INFO - Exp name: packdet_rtmdet_ins_20260918_131054
2026/09/18 14:10:11 - mmengine - INFO - Epoch(train) [23][100/361]  base_lr: 1.0000e-04 lr: 1.0000e-04  eta: 0:07:10  time: 0.4033  data_time: 0.0018  memory: 2883  loss: 1.0116  loss_cls: 0.4260  loss_bbox: 0.4046  loss_mask: 0.1810
2026/09/18 14:10:37 - mmengine - INFO - Epoch(train) [23][150/361]  base_lr: 1.0000e-04 lr: 1.0000e-04  eta: 0:06:48  time: 0.5227  data_time: 0.0017  memory: 4427  loss: 1.0764  loss_cls: 0.4395  loss_bbox: 0.4323  loss_mask: 0.2045
2026/09/18 14:11:05 - mmengine - INFO - Epoch(train) [23][200/361]  base_lr: 1.0000e-04 lr: 1.0000e-04  eta: 0:06:27  time: 0.5461  data_time: 0.0017  memory: 4408  loss: 1.0590  loss_cls: 0.4438  loss_bbox: 0.4214  loss_mask: 0.1938
2026/09/18 14:11:29 - mmengine - INFO - Epoch(train) [23][250/361]  base_lr: 1.0000e-04 lr: 1.0000e-04  eta: 0:06:05  time: 0.4854  data_time: 0.0017  memory: 3020  loss: 1.0746  loss_cls: 0.4622  loss_bbox: 0.4237  loss_mask: 0.1888
2026/09/18 14:11:56 - mmengine - INFO - Epoch(train) [23][300/361]  base_lr: 1.0000e-04 lr: 1.0000e-04  eta: 0:05:44  time: 0.5428  data_time: 0.0016  memory: 3403  loss: 1.0772  loss_cls: 0.4303  loss_bbox: 0.4345  loss_mask: 0.2123
2026/09/18 14:12:24 - mmengine - INFO - Epoch(train) [23][350/361]  base_lr: 1.0000e-04 lr: 1.0000e-04  eta: 0:05:22  time: 0.5523  data_time: 0.0016  memory: 3310  loss: 0.9914  loss_cls: 0.3975  loss_bbox: 0.4050  loss_mask: 0.1889
2026/09/18 14:12:30 - mmengine - INFO - Exp name: packdet_rtmdet_ins_20260918_131054
2026/09/18 14:12:30 - mmengine - INFO - Saving checkpoint at 23 epochs
2026/09/18 14:12:55 - mmengine - INFO - Epoch(train) [24][ 50/361]  base_lr: 1.0000e-04 lr: 1.0000e-04  eta: 0:04:56  time: 0.4658  data_time: 0.0061  memory: 4104  loss: 1.1477  loss_cls: 0.4875  loss_bbox: 0.4535  loss_mask: 0.2066
2026/09/18 14:13:18 - mmengine - INFO - Epoch(train) [24][100/361]  base_lr: 1.0000e-04 lr: 1.0000e-04  eta: 0:04:34  time: 0.4631  data_time: 0.0016  memory: 2832  loss: 1.0735  loss_cls: 0.4405  loss_bbox: 0.4336  loss_mask: 0.1994
2026/09/18 14:13:40 - mmengine - INFO - Epoch(train) [24][150/361]  base_lr: 1.0000e-04 lr: 1.0000e-04  eta: 0:04:12  time: 0.4448  data_time: 0.0016  memory: 3117  loss: 1.0344  loss_cls: 0.4278  loss_bbox: 0.4090  loss_mask: 0.1975
2026/09/18 14:14:04 - mmengine - INFO - Epoch(train) [24][200/361]  base_lr: 1.0000e-04 lr: 1.0000e-04  eta: 0:03:50  time: 0.4732  data_time: 0.0016  memory: 3090  loss: 1.0215  loss_cls: 0.4305  loss_bbox: 0.4095  loss_mask: 0.1815
2026/09/18 14:14:25 - mmengine - INFO - Epoch(train) [24][250/361]  base_lr: 1.0000e-04 lr: 1.0000e-04  eta: 0:03:28  time: 0.4289  data_time: 0.0016  memory: 3290  loss: 1.0277  loss_cls: 0.4253  loss_bbox: 0.4178  loss_mask: 0.1846
2026/09/18 14:14:49 - mmengine - INFO - Epoch(train) [24][300/361]  base_lr: 1.0000e-04 lr: 1.0000e-04  eta: 0:03:06  time: 0.4813  data_time: 0.0016  memory: 3372  loss: 1.0366  loss_cls: 0.4331  loss_bbox: 0.4165  loss_mask: 0.1869
2026/09/18 14:15:14 - mmengine - INFO - Epoch(train) [24][350/361]  base_lr: 1.0000e-04 lr: 1.0000e-04  eta: 0:02:44  time: 0.4963  data_time: 0.0016  memory: 3099  loss: 1.0489  loss_cls: 0.4435  loss_bbox: 0.4142  loss_mask: 0.1912
2026/09/18 14:15:19 - mmengine - INFO - Exp name: packdet_rtmdet_ins_20260918_131054
2026/09/18 14:15:20 - mmengine - INFO - Saving checkpoint at 24 epochs
2026/09/18 14:15:45 - mmengine - INFO - Epoch(train) [25][ 50/361]  base_lr: 1.0000e-04 lr: 1.0000e-04  eta: 0:02:17  time: 0.4894  data_time: 0.0062  memory: 4135  loss: 1.0816  loss_cls: 0.4842  loss_bbox: 0.4100  loss_mask: 0.1875
2026/09/18 14:16:09 - mmengine - INFO - Epoch(train) [25][100/361]  base_lr: 1.0000e-04 lr: 1.0000e-04  eta: 0:01:55  time: 0.4804  data_time: 0.0018  memory: 3162  loss: 1.0499  loss_cls: 0.4489  loss_bbox: 0.4144  loss_mask: 0.1867
2026/09/18 14:16:36 - mmengine - INFO - Epoch(train) [25][150/361]  base_lr: 1.0000e-04 lr: 1.0000e-04  eta: 0:01:33  time: 0.5361  data_time: 0.0018  memory: 3796  loss: 1.0182  loss_cls: 0.4188  loss_bbox: 0.4136  loss_mask: 0.1858
2026/09/18 14:17:02 - mmengine - INFO - Epoch(train) [25][200/361]  base_lr: 1.0000e-04 lr: 1.0000e-04  eta: 0:01:11  time: 0.5151  data_time: 0.0017  memory: 3335  loss: 1.0311  loss_cls: 0.4204  loss_bbox: 0.4140  loss_mask: 0.1966
2026/09/18 14:17:27 - mmengine - INFO - Epoch(train) [25][250/361]  base_lr: 1.0000e-04 lr: 1.0000e-04  eta: 0:00:49  time: 0.5022  data_time: 0.0018  memory: 3449  loss: 1.0820  loss_cls: 0.4326  loss_bbox: 0.4363  loss_mask: 0.2132
2026/09/18 14:17:50 - mmengine - INFO - Epoch(train) [25][300/361]  base_lr: 1.0000e-04 lr: 1.0000e-04  eta: 0:00:27  time: 0.4593  data_time: 0.0017  memory: 2777  loss: 1.0197  loss_cls: 0.4233  loss_bbox: 0.4067  loss_mask: 0.1898
2026/09/18 14:18:07 - mmengine - INFO - Exp name: packdet_rtmdet_ins_20260918_131054
2026/09/18 14:18:13 - mmengine - INFO - Epoch(train) [25][350/361]  base_lr: 1.0000e-04 lr: 1.0000e-04  eta: 0:00:04  time: 0.4596  data_time: 0.0018  memory: 3208  loss: 1.0492  loss_cls: 0.4378  loss_bbox: 0.4141  loss_mask: 0.1974
2026/09/18 14:18:19 - mmengine - INFO - Exp name: packdet_rtmdet_ins_20260918_131054
2026/09/18 14:18:20 - mmengine - INFO - Saving checkpoint at 25 epochs
