2026/09/17 18:29:06 - mmengine - INFO - 
------------------------------------------------------------
System environment:
    sys.platform: win32
    Python: 3.10.11 (tags/v3.10.11:7d4cc5a, Apr  5 2023, 00:38:17) [MSC v.1929 64 bit (AMD64)]
    CUDA available: False
    MUSA available: False
    numpy_random_seed: 42
    GCC: n/a
    PyTorch: 2.1.2+cpu
    PyTorch compiling details: PyTorch built with:
  - C++ Version: 199711
  - MSVC 192930151
  - Intel(R) Math Kernel Library Version 2020.0.2 Product Build 20200624 for Intel(R) 64 architecture applications
  - Intel(R) MKL-DNN v3.1.1 (Git Hash 64f6bcbcbab628e96f33a62c3e975f8535a7bde4)
  - OpenMP 2019
  - LAPACK is enabled (usually provided by MKL)
  - CPU capability usage: AVX512
  - Build settings: BLAS_INFO=mkl, BUILD_TYPE=Release, CXX_COMPILER=C:/actions-runner/_work/pytorch/pytorch/builder/windows/tmp_bin/sccache-cl.exe, CXX_FLAGS=/DWIN32 /D_WINDOWS /GR /EHsc /bigobj /FS -DUSE_PTHREADPOOL -DNDEBUG -DUSE_KINETO -DLIBKINETO_NOCUPTI -DLIBKINETO_NOROCTRACER -DUSE_FBGEMM -DUSE_XNNPACK -DSYMBOLICATE_MOBILE_DEBUG_HANDLE /utf-8 /wd4624 /wd4068 /wd4067 /wd4267 /wd4661 /wd4717 /wd4244 /wd4804 /wd4273, LAPACK_INFO=mkl, PERF_WITH_AVX=1, PERF_WITH_AVX2=1, PERF_WITH_AVX512=1, TORCH_DISABLE_GPU_ASSERTS=OFF, TORCH_VERSION=2.1.2, USE_CUDA=0, USE_CUDNN=OFF, USE_EXCEPTION_PTR=1, USE_GFLAGS=OFF, USE_GLOG=OFF, USE_MKL=ON, USE_MKLDNN=ON, USE_MPI=OFF, USE_NCCL=OFF, USE_NNPACK=OFF, USE_OPENMP=ON, USE_ROCM=OFF, 

    TorchVision: 0.16.2+cpu
    OpenCV: 5.0.0
    MMEngine: 0.10.7

Runtime environment:
    cudnn_benchmark: False
    mp_cfg: {'mp_start_method': 'spawn', 'opencv_num_threads': 0}
    dist_cfg: {'backend': 'gloo'}
    seed: 42
    deterministic: False
    Distributed launcher: none
    Distributed training: False
    GPU number: 1
------------------------------------------------------------

2026/09/17 18:29:06 - mmengine - INFO - Config:
BASE_DIR = 'E:\\MMDetection_2'
auto_scale_lr = dict(base_batch_size=16, enable=False)
backend_args = None
base_lr = 0.004
checkpoint = 'https://download.openmmlab.com/mmdetection/v3.0/rtmdet/cspnext_rsb_pretrain/cspnext-s_imagenet_600e.pth'
classes = (
    'plastic_bottle',
    'glass_bottle',
    'can',
    'jar',
    'carton_beverage',
    'tube',
)
custom_hooks = [
    dict(
        ema_type='ExpMomentumEMA',
        momentum=0.0002,
        priority=49,
        type='EMAHook',
        update_buffers=True),
    dict(
        switch_epoch=280,
        switch_pipeline=[
            dict(backend_args=None, type='LoadImageFromFile'),
            dict(
                poly2mask=False,
                type='LoadAnnotations',
                with_bbox=True,
                with_mask=True),
            dict(
                keep_ratio=True,
                ratio_range=(
                    0.5,
                    2.0,
                ),
                scale=(
                    640,
                    640,
                ),
                type='RandomResize'),
            dict(
                allow_negative_crop=True,
                crop_size=(
                    640,
                    640,
                ),
                recompute_bbox=True,
                type='RandomCrop'),
            dict(min_gt_bbox_wh=(
                1,
                1,
            ), type='FilterAnnotations'),
            dict(type='YOLOXHSVRandomAug'),
            dict(prob=0.5, type='RandomFlip'),
            dict(
                pad_val=dict(img=(
                    114,
                    114,
                    114,
                )),
                size=(
                    640,
                    640,
                ),
                type='Pad'),
            dict(type='PackDetInputs'),
        ],
        type='PipelineSwitchHook'),
]
custom_imports = dict(
    allow_failed_imports=False, imports=[
        'mmdet',
    ])
data_root = 'E:\\MMDetection_2\\data\\\\'
dataset_type = 'CocoDataset'
default_hooks = dict(
    checkpoint=dict(
        interval=1, max_keep_ckpts=1, save_last=True, type='CheckpointHook'),
    logger=dict(interval=50, type='LoggerHook'),
    param_scheduler=dict(type='ParamSchedulerHook'),
    sampler_seed=dict(type='DistSamplerSeedHook'),
    timer=dict(type='IterTimerHook'),
    visualization=dict(draw=False, interval=1, type='DetVisualizationHook'))
default_scope = 'mmdet'
env_cfg = dict(
    cudnn_benchmark=False,
    dist_cfg=dict(backend='gloo'),
    mp_cfg=dict(mp_start_method='spawn', opencv_num_threads=0))
img_scales = [
    (
        640,
        640,
    ),
    (
        320,
        320,
    ),
    (
        960,
        960,
    ),
]
interval = 10
launcher = 'none'
load_from = None
log_level = 'INFO'
log_processor = dict(by_epoch=True, type='LogProcessor', window_size=50)
max_epochs = 300
metainfo = dict(
    classes=(
        'plastic_bottle',
        'glass_bottle',
        'can',
        'jar',
        'carton_beverage',
        'tube',
    ))
model = dict(
    backbone=dict(
        act_cfg=dict(inplace=True, type='SiLU'),
        arch='P5',
        channel_attention=True,
        deepen_factor=0.33,
        expand_ratio=0.5,
        init_cfg=dict(
            checkpoint=
            'https://download.openmmlab.com/mmdetection/v3.0/rtmdet/cspnext_rsb_pretrain/cspnext-s_imagenet_600e.pth',
            prefix='backbone.',
            type='Pretrained'),
        norm_cfg=dict(type='SyncBN'),
        type='CSPNeXt',
        widen_factor=0.5),
    bbox_head=dict(
        act_cfg=dict(inplace=True, type='SiLU'),
        anchor_generator=dict(
            offset=0, strides=[
                8,
                16,
                32,
            ], type='MlvlPointGenerator'),
        bbox_coder=dict(type='DistancePointBBoxCoder'),
        feat_channels=128,
        in_channels=128,
        loss_bbox=dict(loss_weight=2.0, type='GIoULoss'),
        loss_cls=dict(
            beta=2.0,
            loss_weight=1.0,
            type='QualityFocalLoss',
            use_sigmoid=True),
        loss_mask=dict(
            eps=5e-06, loss_weight=2.0, reduction='mean', type='DiceLoss'),
        norm_cfg=dict(requires_grad=True, type='SyncBN'),
        num_classes=6,
        pred_kernel_size=1,
        share_conv=True,
        stacked_convs=2,
        type='RTMDetInsSepBNHead'),
    data_preprocessor=dict(
        batch_augments=None,
        bgr_to_rgb=False,
        mean=[
            103.53,
            116.28,
            123.675,
        ],
        std=[
            57.375,
            57.12,
            58.395,
        ],
        type='DetDataPreprocessor'),
    neck=dict(
        act_cfg=dict(inplace=True, type='SiLU'),
        expand_ratio=0.5,
        in_channels=[
            128,
            256,
            512,
        ],
        norm_cfg=dict(type='SyncBN'),
        num_csp_blocks=1,
        out_channels=128,
        type='CSPNeXtPAFPN'),
    test_cfg=dict(
        mask_thr_binary=0.5,
        max_per_img=20,
        min_bbox_size=0,
        nms=dict(iou_threshold=0.6, type='nms'),
        nms_pre=100,
        score_thr=0.05),
    train_cfg=dict(
        allowed_border=-1,
        assigner=dict(topk=13, type='DynamicSoftLabelAssigner'),
        debug=False,
        pos_weight=-1),
    type='RTMDet')
optim_wrapper = dict(
    clip_grad=dict(max_norm=35, norm_type=2),
    optimizer=dict(lr=0.0005, type='AdamW', weight_decay=0.05),
    paramwise_cfg=dict(
        bias_decay_mult=0, bypass_duplicate=True, norm_decay_mult=0),
    type='OptimWrapper')
param_scheduler = [
    dict(T_max=25, begin=0, by_epoch=True, end=25, type='CosineAnnealingLR'),
]
randomness = dict(deterministic=False, seed=42)
resume = False
stage2_num_epochs = 20
test_cfg = dict(type='TestLoop')
test_dataloader = dict(
    batch_size=1,
    dataset=dict(
        ann_file='annotations/instances_validation.json',
        backend_args=None,
        data_prefix=dict(img='images/Train/'),
        data_root='E:\\MMDetection_2\\data\\\\',
        metainfo=dict(
            classes=(
                'plastic_bottle',
                'glass_bottle',
                'can',
                'jar',
                'carton_beverage',
                'tube',
            )),
        pipeline=[
            dict(type='LoadImageFromFile'),
            dict(
                poly2mask=False,
                type='LoadAnnotations',
                with_bbox=True,
                with_mask=True),
            dict(keep_ratio=True, scale=(
                640,
                640,
            ), type='Resize'),
            dict(
                pad_val=dict(img=(
                    114,
                    114,
                    114,
                )),
                size=(
                    640,
                    640,
                ),
                type='Pad'),
            dict(type='PackDetInputs'),
        ],
        test_mode=True,
        type='CocoDataset'),
    drop_last=False,
    num_workers=0,
    persistent_workers=False,
    pin_memory=False,
    sampler=dict(shuffle=False, type='DefaultSampler'))
test_evaluator = dict(
    ann_file=
    'E:\\MMDetection_2\\data\\\\annotations\\instances_validation.json',
    backend_args=None,
    format_only=False,
    metric=[
        'bbox',
        'segm',
    ],
    proposal_nums=(
        100,
        1,
        10,
    ),
    type='CocoMetric')
test_pipeline = [
    dict(type='LoadImageFromFile'),
    dict(
        poly2mask=False,
        type='LoadAnnotations',
        with_bbox=True,
        with_mask=True),
    dict(keep_ratio=True, scale=(
        640,
        640,
    ), type='Resize'),
    dict(pad_val=dict(img=(
        114,
        114,
        114,
    )), size=(
        640,
        640,
    ), type='Pad'),
    dict(type='PackDetInputs'),
]
train_cfg = dict(
    dynamic_intervals=[
        (
            280,
            1,
        ),
    ],
    max_epochs=25,
    type='EpochBasedTrainLoop',
    val_interval=5)
train_dataloader = dict(
    batch_sampler=None,
    batch_size=1,
    dataset=dict(
        ann_file='annotations/instances_train.json',
        backend_args=None,
        data_prefix=dict(img='images/Train/'),
        data_root='E:\\MMDetection_2\\data\\\\',
        filter_cfg=dict(filter_empty_gt=True, min_size=32),
        metainfo=dict(
            classes=(
                'plastic_bottle',
                'glass_bottle',
                'can',
                'jar',
                'carton_beverage',
                'tube',
            )),
        pipeline=[
            dict(type='LoadImageFromFile'),
            dict(
                poly2mask=False,
                type='LoadAnnotations',
                with_bbox=True,
                with_mask=True),
            dict(keep_ratio=True, scale=(
                640,
                640,
            ), type='Resize'),
            dict(
                pad_val=dict(img=(
                    114,
                    114,
                    114,
                )),
                size=(
                    640,
                    640,
                ),
                type='Pad'),
            dict(prob=0.5, type='RandomFlip'),
            dict(type='PackDetInputs'),
        ],
        type='CocoDataset'),
    num_workers=0,
    persistent_workers=False,
    pin_memory=False,
    sampler=dict(shuffle=True, type='DefaultSampler'))
train_dataset = dict(
    ann_file='annotations/instances_train.json',
    data_prefix=dict(img='images/Train/'),
    data_root='E:\\MMDetection_2\\data\\\\',
    filter_cfg=dict(filter_empty_gt=True, min_size=32),
    metainfo=dict(
        classes=(
            'plastic_bottle',
            'glass_bottle',
            'can',
            'jar',
            'carton_beverage',
            'tube',
        )),
    pipeline=[
        dict(type='LoadImageFromFile'),
        dict(
            poly2mask=False,
            type='LoadAnnotations',
            with_bbox=True,
            with_mask=True),
        dict(keep_ratio=True, scale=(
            640,
            640,
        ), type='Resize'),
        dict(
            pad_val=dict(img=(
                114,
                114,
                114,
            )), size=(
                640,
                640,
            ), type='Pad'),
        dict(prob=0.5, type='RandomFlip'),
        dict(type='PackDetInputs'),
    ],
    type='CocoDataset')
train_pipeline = [
    dict(type='LoadImageFromFile'),
    dict(
        poly2mask=False,
        type='LoadAnnotations',
        with_bbox=True,
        with_mask=True),
    dict(keep_ratio=True, scale=(
        640,
        640,
    ), type='Resize'),
    dict(pad_val=dict(img=(
        114,
        114,
        114,
    )), size=(
        640,
        640,
    ), type='Pad'),
    dict(prob=0.5, type='RandomFlip'),
    dict(type='PackDetInputs'),
]
train_pipeline_stage2 = [
    dict(backend_args=None, type='LoadImageFromFile'),
    dict(
        poly2mask=False,
        type='LoadAnnotations',
        with_bbox=True,
        with_mask=True),
    dict(
        keep_ratio=True,
        ratio_range=(
            0.5,
            2.0,
        ),
        scale=(
            640,
            640,
        ),
        type='RandomResize'),
    dict(
        allow_negative_crop=True,
        crop_size=(
            640,
            640,
        ),
        recompute_bbox=True,
        type='RandomCrop'),
    dict(min_gt_bbox_wh=(
        1,
        1,
    ), type='FilterAnnotations'),
    dict(type='YOLOXHSVRandomAug'),
    dict(prob=0.5, type='RandomFlip'),
    dict(pad_val=dict(img=(
        114,
        114,
        114,
    )), size=(
        640,
        640,
    ), type='Pad'),
    dict(type='PackDetInputs'),
]
tta_model = dict(
    tta_cfg=dict(max_per_img=100, nms=dict(iou_threshold=0.6, type='nms')),
    type='DetTTAModel')
tta_pipeline = [
    dict(backend_args=None, type='LoadImageFromFile'),
    dict(
        transforms=[
            [
                dict(keep_ratio=True, scale=(
                    640,
                    640,
                ), type='Resize'),
                dict(keep_ratio=True, scale=(
                    320,
                    320,
                ), type='Resize'),
                dict(keep_ratio=True, scale=(
                    960,
                    960,
                ), type='Resize'),
            ],
            [
                dict(prob=1.0, type='RandomFlip'),
                dict(prob=0.0, type='RandomFlip'),
            ],
            [
                dict(
                    pad_val=dict(img=(
                        114,
                        114,
                        114,
                    )),
                    size=(
                        960,
                        960,
                    ),
                    type='Pad'),
            ],
            [
                dict(type='LoadAnnotations', with_bbox=True),
            ],
            [
                dict(
                    meta_keys=(
                        'img_id',
                        'img_path',
                        'ori_shape',
                        'img_shape',
                        'scale_factor',
                        'flip',
                        'flip_direction',
                    ),
                    type='PackDetInputs'),
            ],
        ],
        type='TestTimeAug'),
]
val_cfg = None
val_dataloader = None
val_evaluator = None
vis_backends = [
    dict(type='LocalVisBackend'),
]
visualizer = dict(
    name='visualizer',
    type='DetLocalVisualizer',
    vis_backends=[
        dict(type='LocalVisBackend'),
    ])
work_dir = 'E:\\MMDetection_2\\work_dirs\\packdet_rtmdet_ins_cpu'

2026/09/17 18:29:07 - mmengine - INFO - Distributed training is not used, all SyncBatchNorm (SyncBN) layers in the model will be automatically reverted to BatchNormXd layers if they are used.
2026/09/17 18:29:07 - mmengine - INFO - Hooks will be executed in the following order:
before_run:
(VERY_HIGH   ) RuntimeInfoHook                    
(49          ) EMAHook                            
(BELOW_NORMAL) LoggerHook                         
 -------------------- 
after_load_checkpoint:
(49          ) EMAHook                            
 -------------------- 
before_train:
(VERY_HIGH   ) RuntimeInfoHook                    
(49          ) EMAHook                            
(NORMAL      ) IterTimerHook                      
(VERY_LOW    ) CheckpointHook                     
 -------------------- 
before_train_epoch:
(VERY_HIGH   ) RuntimeInfoHook                    
(NORMAL      ) IterTimerHook                      
(NORMAL      ) DistSamplerSeedHook                
(NORMAL      ) PipelineSwitchHook                 
 -------------------- 
before_train_iter:
(VERY_HIGH   ) RuntimeInfoHook                    
(NORMAL      ) IterTimerHook                      
 -------------------- 
after_train_iter:
(VERY_HIGH   ) RuntimeInfoHook                    
(49          ) EMAHook                            
(NORMAL      ) IterTimerHook                      
(BELOW_NORMAL) LoggerHook                         
(LOW         ) ParamSchedulerHook                 
(VERY_LOW    ) CheckpointHook                     
 -------------------- 
after_train_epoch:
(NORMAL      ) IterTimerHook                      
(LOW         ) ParamSchedulerHook                 
(VERY_LOW    ) CheckpointHook                     
 -------------------- 
before_val:
(VERY_HIGH   ) RuntimeInfoHook                    
 -------------------- 
before_val_epoch:
(49          ) EMAHook                            
(NORMAL      ) IterTimerHook                      
 -------------------- 
before_val_iter:
(NORMAL      ) IterTimerHook                      
 -------------------- 
after_val_iter:
(NORMAL      ) IterTimerHook                      
(NORMAL      ) DetVisualizationHook               
(BELOW_NORMAL) LoggerHook                         
 -------------------- 
after_val_epoch:
(VERY_HIGH   ) RuntimeInfoHook                    
(49          ) EMAHook                            
(NORMAL      ) IterTimerHook                      
(BELOW_NORMAL) LoggerHook                         
(LOW         ) ParamSchedulerHook                 
(VERY_LOW    ) CheckpointHook                     
 -------------------- 
after_val:
(VERY_HIGH   ) RuntimeInfoHook                    
 -------------------- 
before_save_checkpoint:
(49          ) EMAHook                            
 -------------------- 
after_train:
(VERY_HIGH   ) RuntimeInfoHook                    
(VERY_LOW    ) CheckpointHook                     
 -------------------- 
before_test:
(VERY_HIGH   ) RuntimeInfoHook                    
 -------------------- 
before_test_epoch:
(49          ) EMAHook                            
(NORMAL      ) IterTimerHook                      
 -------------------- 
before_test_iter:
(NORMAL      ) IterTimerHook                      
 -------------------- 
after_test_iter:
(NORMAL      ) IterTimerHook                      
(NORMAL      ) DetVisualizationHook               
(BELOW_NORMAL) LoggerHook                         
 -------------------- 
after_test_epoch:
(VERY_HIGH   ) RuntimeInfoHook                    
(49          ) EMAHook                            
(NORMAL      ) IterTimerHook                      
(BELOW_NORMAL) LoggerHook                         
 -------------------- 
after_test:
(VERY_HIGH   ) RuntimeInfoHook                    
 -------------------- 
after_run:
(BELOW_NORMAL) LoggerHook                         
 -------------------- 
2026/09/17 18:29:08 - mmengine - INFO - paramwise_options -- backbone.stem.0.bn.weight:weight_decay=0.0
2026/09/17 18:29:08 - mmengine - INFO - paramwise_options -- backbone.stem.0.bn.bias:weight_decay=0.0
2026/09/17 18:29:08 - mmengine - INFO - paramwise_options -- backbone.stem.1.bn.weight:weight_decay=0.0
2026/09/17 18:29:08 - mmengine - INFO - paramwise_options -- backbone.stem.1.bn.bias:weight_decay=0.0
2026/09/17 18:29:08 - mmengine - INFO - paramwise_options -- backbone.stem.2.bn.weight:weight_decay=0.0
2026/09/17 18:29:08 - mmengine - INFO - paramwise_options -- backbone.stem.2.bn.bias:weight_decay=0.0
2026/09/17 18:29:08 - mmengine - INFO - paramwise_options -- backbone.stage1.0.bn.weight:weight_decay=0.0
2026/09/17 18:29:08 - mmengine - INFO - paramwise_options -- backbone.stage1.0.bn.bias:weight_decay=0.0
2026/09/17 18:29:08 - mmengine - INFO - paramwise_options -- backbone.stage1.1.main_conv.bn.weight:weight_decay=0.0
2026/09/17 18:29:08 - mmengine - INFO - paramwise_options -- backbone.stage1.1.main_conv.bn.bias:weight_decay=0.0
2026/09/17 18:29:08 - mmengine - INFO - paramwise_options -- backbone.stage1.1.short_conv.bn.weight:weight_decay=0.0
2026/09/17 18:29:08 - mmengine - INFO - paramwise_options -- backbone.stage1.1.short_conv.bn.bias:weight_decay=0.0
2026/09/17 18:29:08 - mmengine - INFO - paramwise_options -- backbone.stage1.1.final_conv.bn.weight:weight_decay=0.0
2026/09/17 18:29:08 - mmengine - INFO - paramwise_options -- backbone.stage1.1.final_conv.bn.bias:weight_decay=0.0
2026/09/17 18:29:08 - mmengine - INFO - paramwise_options -- backbone.stage1.1.blocks.0.conv1.bn.weight:weight_decay=0.0
2026/09/17 18:29:08 - mmengine - INFO - paramwise_options -- backbone.stage1.1.blocks.0.conv1.bn.bias:weight_decay=0.0
2026/09/17 18:29:08 - mmengine - INFO - paramwise_options -- backbone.stage1.1.blocks.0.conv2.depthwise_conv.bn.weight:weight_decay=0.0
2026/09/17 18:29:08 - mmengine - INFO - paramwise_options -- backbone.stage1.1.blocks.0.conv2.depthwise_conv.bn.bias:weight_decay=0.0
2026/09/17 18:29:08 - mmengine - INFO - paramwise_options -- backbone.stage1.1.blocks.0.conv2.pointwise_conv.bn.weight:weight_decay=0.0
2026/09/17 18:29:08 - mmengine - INFO - paramwise_options -- backbone.stage1.1.blocks.0.conv2.pointwise_conv.bn.bias:weight_decay=0.0
2026/09/17 18:29:08 - mmengine - INFO - paramwise_options -- backbone.stage1.1.attention.fc.bias:weight_decay=0.0
2026/09/17 18:29:08 - mmengine - INFO - paramwise_options -- backbone.stage2.0.bn.weight:weight_decay=0.0
2026/09/17 18:29:08 - mmengine - INFO - paramwise_options -- backbone.stage2.0.bn.bias:weight_decay=0.0
2026/09/17 18:29:08 - mmengine - INFO - paramwise_options -- backbone.stage2.1.main_conv.bn.weight:weight_decay=0.0
2026/09/17 18:29:08 - mmengine - INFO - paramwise_options -- backbone.stage2.1.main_conv.bn.bias:weight_decay=0.0
2026/09/17 18:29:08 - mmengine - INFO - paramwise_options -- backbone.stage2.1.short_conv.bn.weight:weight_decay=0.0
2026/09/17 18:29:08 - mmengine - INFO - paramwise_options -- backbone.stage2.1.short_conv.bn.bias:weight_decay=0.0
2026/09/17 18:29:08 - mmengine - INFO - paramwise_options -- backbone.stage2.1.final_conv.bn.weight:weight_decay=0.0
2026/09/17 18:29:08 - mmengine - INFO - paramwise_options -- backbone.stage2.1.final_conv.bn.bias:weight_decay=0.0
2026/09/17 18:29:08 - mmengine - INFO - paramwise_options -- backbone.stage2.1.blocks.0.conv1.bn.weight:weight_decay=0.0
2026/09/17 18:29:08 - mmengine - INFO - paramwise_options -- backbone.stage2.1.blocks.0.conv1.bn.bias:weight_decay=0.0
2026/09/17 18:29:08 - mmengine - INFO - paramwise_options -- backbone.stage2.1.blocks.0.conv2.depthwise_conv.bn.weight:weight_decay=0.0
2026/09/17 18:29:08 - mmengine - INFO - paramwise_options -- backbone.stage2.1.blocks.0.conv2.depthwise_conv.bn.bias:weight_decay=0.0
2026/09/17 18:29:08 - mmengine - INFO - paramwise_options -- backbone.stage2.1.blocks.0.conv2.pointwise_conv.bn.weight:weight_decay=0.0
2026/09/17 18:29:08 - mmengine - INFO - paramwise_options -- backbone.stage2.1.blocks.0.conv2.pointwise_conv.bn.bias:weight_decay=0.0
2026/09/17 18:29:08 - mmengine - INFO - paramwise_options -- backbone.stage2.1.blocks.1.conv1.bn.weight:weight_decay=0.0
2026/09/17 18:29:08 - mmengine - INFO - paramwise_options -- backbone.stage2.1.blocks.1.conv1.bn.bias:weight_decay=0.0
2026/09/17 18:29:08 - mmengine - INFO - paramwise_options -- backbone.stage2.1.blocks.1.conv2.depthwise_conv.bn.weight:weight_decay=0.0
2026/09/17 18:29:08 - mmengine - INFO - paramwise_options -- backbone.stage2.1.blocks.1.conv2.depthwise_conv.bn.bias:weight_decay=0.0
2026/09/17 18:29:08 - mmengine - INFO - paramwise_options -- backbone.stage2.1.blocks.1.conv2.pointwise_conv.bn.weight:weight_decay=0.0
2026/09/17 18:29:08 - mmengine - INFO - paramwise_options -- backbone.stage2.1.blocks.1.conv2.pointwise_conv.bn.bias:weight_decay=0.0
2026/09/17 18:29:08 - mmengine - INFO - paramwise_options -- backbone.stage2.1.attention.fc.bias:weight_decay=0.0
2026/09/17 18:29:08 - mmengine - INFO - paramwise_options -- backbone.stage3.0.bn.weight:weight_decay=0.0
2026/09/17 18:29:08 - mmengine - INFO - paramwise_options -- backbone.stage3.0.bn.bias:weight_decay=0.0
2026/09/17 18:29:08 - mmengine - INFO - paramwise_options -- backbone.stage3.1.main_conv.bn.weight:weight_decay=0.0
2026/09/17 18:29:08 - mmengine - INFO - paramwise_options -- backbone.stage3.1.main_conv.bn.bias:weight_decay=0.0
2026/09/17 18:29:08 - mmengine - INFO - paramwise_options -- backbone.stage3.1.short_conv.bn.weight:weight_decay=0.0
2026/09/17 18:29:08 - mmengine - INFO - paramwise_options -- backbone.stage3.1.short_conv.bn.bias:weight_decay=0.0
2026/09/17 18:29:08 - mmengine - INFO - paramwise_options -- backbone.stage3.1.final_conv.bn.weight:weight_decay=0.0
2026/09/17 18:29:08 - mmengine - INFO - paramwise_options -- backbone.stage3.1.final_conv.bn.bias:weight_decay=0.0
2026/09/17 18:29:08 - mmengine - INFO - paramwise_options -- backbone.stage3.1.blocks.0.conv1.bn.weight:weight_decay=0.0
2026/09/17 18:29:08 - mmengine - INFO - paramwise_options -- backbone.stage3.1.blocks.0.conv1.bn.bias:weight_decay=0.0
2026/09/17 18:29:08 - mmengine - INFO - paramwise_options -- backbone.stage3.1.blocks.0.conv2.depthwise_conv.bn.weight:weight_decay=0.0
2026/09/17 18:29:08 - mmengine - INFO - paramwise_options -- backbone.stage3.1.blocks.0.conv2.depthwise_conv.bn.bias:weight_decay=0.0
2026/09/17 18:29:08 - mmengine - INFO - paramwise_options -- backbone.stage3.1.blocks.0.conv2.pointwise_conv.bn.weight:weight_decay=0.0
2026/09/17 18:29:08 - mmengine - INFO - paramwise_options -- backbone.stage3.1.blocks.0.conv2.pointwise_conv.bn.bias:weight_decay=0.0
2026/09/17 18:29:08 - mmengine - INFO - paramwise_options -- backbone.stage3.1.blocks.1.conv1.bn.weight:weight_decay=0.0
2026/09/17 18:29:08 - mmengine - INFO - paramwise_options -- backbone.stage3.1.blocks.1.conv1.bn.bias:weight_decay=0.0
2026/09/17 18:29:08 - mmengine - INFO - paramwise_options -- backbone.stage3.1.blocks.1.conv2.depthwise_conv.bn.weight:weight_decay=0.0
2026/09/17 18:29:08 - mmengine - INFO - paramwise_options -- backbone.stage3.1.blocks.1.conv2.depthwise_conv.bn.bias:weight_decay=0.0
2026/09/17 18:29:08 - mmengine - INFO - paramwise_options -- backbone.stage3.1.blocks.1.conv2.pointwise_conv.bn.weight:weight_decay=0.0
2026/09/17 18:29:08 - mmengine - INFO - paramwise_options -- backbone.stage3.1.blocks.1.conv2.pointwise_conv.bn.bias:weight_decay=0.0
2026/09/17 18:29:08 - mmengine - INFO - paramwise_options -- backbone.stage3.1.attention.fc.bias:weight_decay=0.0
2026/09/17 18:29:08 - mmengine - INFO - paramwise_options -- backbone.stage4.0.bn.weight:weight_decay=0.0
2026/09/17 18:29:08 - mmengine - INFO - paramwise_options -- backbone.stage4.0.bn.bias:weight_decay=0.0
2026/09/17 18:29:08 - mmengine - INFO - paramwise_options -- backbone.stage4.1.conv1.bn.weight:weight_decay=0.0
2026/09/17 18:29:08 - mmengine - INFO - paramwise_options -- backbone.stage4.1.conv1.bn.bias:weight_decay=0.0
2026/09/17 18:29:08 - mmengine - INFO - paramwise_options -- backbone.stage4.1.conv2.bn.weight:weight_decay=0.0
2026/09/17 18:29:08 - mmengine - INFO - paramwise_options -- backbone.stage4.1.conv2.bn.bias:weight_decay=0.0
2026/09/17 18:29:08 - mmengine - INFO - paramwise_options -- backbone.stage4.2.main_conv.bn.weight:weight_decay=0.0
2026/09/17 18:29:08 - mmengine - INFO - paramwise_options -- backbone.stage4.2.main_conv.bn.bias:weight_decay=0.0
2026/09/17 18:29:08 - mmengine - INFO - paramwise_options -- backbone.stage4.2.short_conv.bn.weight:weight_decay=0.0
2026/09/17 18:29:08 - mmengine - INFO - paramwise_options -- backbone.stage4.2.short_conv.bn.bias:weight_decay=0.0
2026/09/17 18:29:08 - mmengine - INFO - paramwise_options -- backbone.stage4.2.final_conv.bn.weight:weight_decay=0.0
2026/09/17 18:29:08 - mmengine - INFO - paramwise_options -- backbone.stage4.2.final_conv.bn.bias:weight_decay=0.0
2026/09/17 18:29:08 - mmengine - INFO - paramwise_options -- backbone.stage4.2.blocks.0.conv1.bn.weight:weight_decay=0.0
2026/09/17 18:29:08 - mmengine - INFO - paramwise_options -- backbone.stage4.2.blocks.0.conv1.bn.bias:weight_decay=0.0
2026/09/17 18:29:08 - mmengine - INFO - paramwise_options -- backbone.stage4.2.blocks.0.conv2.depthwise_conv.bn.weight:weight_decay=0.0
2026/09/17 18:29:08 - mmengine - INFO - paramwise_options -- backbone.stage4.2.blocks.0.conv2.depthwise_conv.bn.bias:weight_decay=0.0
2026/09/17 18:29:08 - mmengine - INFO - paramwise_options -- backbone.stage4.2.blocks.0.conv2.pointwise_conv.bn.weight:weight_decay=0.0
2026/09/17 18:29:08 - mmengine - INFO - paramwise_options -- backbone.stage4.2.blocks.0.conv2.pointwise_conv.bn.bias:weight_decay=0.0
2026/09/17 18:29:08 - mmengine - INFO - paramwise_options -- backbone.stage4.2.attention.fc.bias:weight_decay=0.0
2026/09/17 18:29:08 - mmengine - INFO - paramwise_options -- neck.reduce_layers.0.bn.weight:weight_decay=0.0
2026/09/17 18:29:08 - mmengine - INFO - paramwise_options -- neck.reduce_layers.0.bn.bias:weight_decay=0.0
2026/09/17 18:29:08 - mmengine - INFO - paramwise_options -- neck.reduce_layers.1.bn.weight:weight_decay=0.0
2026/09/17 18:29:08 - mmengine - INFO - paramwise_options -- neck.reduce_layers.1.bn.bias:weight_decay=0.0
2026/09/17 18:29:08 - mmengine - INFO - paramwise_options -- neck.top_down_blocks.0.main_conv.bn.weight:weight_decay=0.0
2026/09/17 18:29:08 - mmengine - INFO - paramwise_options -- neck.top_down_blocks.0.main_conv.bn.bias:weight_decay=0.0
2026/09/17 18:29:08 - mmengine - INFO - paramwise_options -- neck.top_down_blocks.0.short_conv.bn.weight:weight_decay=0.0
2026/09/17 18:29:08 - mmengine - INFO - paramwise_options -- neck.top_down_blocks.0.short_conv.bn.bias:weight_decay=0.0
2026/09/17 18:29:08 - mmengine - INFO - paramwise_options -- neck.top_down_blocks.0.final_conv.bn.weight:weight_decay=0.0
2026/09/17 18:29:08 - mmengine - INFO - paramwise_options -- neck.top_down_blocks.0.final_conv.bn.bias:weight_decay=0.0
2026/09/17 18:29:08 - mmengine - INFO - paramwise_options -- neck.top_down_blocks.0.blocks.0.conv1.bn.weight:weight_decay=0.0
2026/09/17 18:29:08 - mmengine - INFO - paramwise_options -- neck.top_down_blocks.0.blocks.0.conv1.bn.bias:weight_decay=0.0
2026/09/17 18:29:08 - mmengine - INFO - paramwise_options -- neck.top_down_blocks.0.blocks.0.conv2.depthwise_conv.bn.weight:weight_decay=0.0
2026/09/17 18:29:08 - mmengine - INFO - paramwise_options -- neck.top_down_blocks.0.blocks.0.conv2.depthwise_conv.bn.bias:weight_decay=0.0
2026/09/17 18:29:08 - mmengine - INFO - paramwise_options -- neck.top_down_blocks.0.blocks.0.conv2.pointwise_conv.bn.weight:weight_decay=0.0
2026/09/17 18:29:08 - mmengine - INFO - paramwise_options -- neck.top_down_blocks.0.blocks.0.conv2.pointwise_conv.bn.bias:weight_decay=0.0
2026/09/17 18:29:08 - mmengine - INFO - paramwise_options -- neck.top_down_blocks.1.main_conv.bn.weight:weight_decay=0.0
2026/09/17 18:29:08 - mmengine - INFO - paramwise_options -- neck.top_down_blocks.1.main_conv.bn.bias:weight_decay=0.0
2026/09/17 18:29:08 - mmengine - INFO - paramwise_options -- neck.top_down_blocks.1.short_conv.bn.weight:weight_decay=0.0
2026/09/17 18:29:08 - mmengine - INFO - paramwise_options -- neck.top_down_blocks.1.short_conv.bn.bias:weight_decay=0.0
2026/09/17 18:29:08 - mmengine - INFO - paramwise_options -- neck.top_down_blocks.1.final_conv.bn.weight:weight_decay=0.0
2026/09/17 18:29:08 - mmengine - INFO - paramwise_options -- neck.top_down_blocks.1.final_conv.bn.bias:weight_decay=0.0
2026/09/17 18:29:08 - mmengine - INFO - paramwise_options -- neck.top_down_blocks.1.blocks.0.conv1.bn.weight:weight_decay=0.0
2026/09/17 18:29:08 - mmengine - INFO - paramwise_options -- neck.top_down_blocks.1.blocks.0.conv1.bn.bias:weight_decay=0.0
2026/09/17 18:29:08 - mmengine - INFO - paramwise_options -- neck.top_down_blocks.1.blocks.0.conv2.depthwise_conv.bn.weight:weight_decay=0.0
2026/09/17 18:29:08 - mmengine - INFO - paramwise_options -- neck.top_down_blocks.1.blocks.0.conv2.depthwise_conv.bn.bias:weight_decay=0.0
2026/09/17 18:29:08 - mmengine - INFO - paramwise_options -- neck.top_down_blocks.1.blocks.0.conv2.pointwise_conv.bn.weight:weight_decay=0.0
2026/09/17 18:29:08 - mmengine - INFO - paramwise_options -- neck.top_down_blocks.1.blocks.0.conv2.pointwise_conv.bn.bias:weight_decay=0.0
2026/09/17 18:29:08 - mmengine - INFO - paramwise_options -- neck.downsamples.0.bn.weight:weight_decay=0.0
2026/09/17 18:29:08 - mmengine - INFO - paramwise_options -- neck.downsamples.0.bn.bias:weight_decay=0.0
2026/09/17 18:29:08 - mmengine - INFO - paramwise_options -- neck.downsamples.1.bn.weight:weight_decay=0.0
2026/09/17 18:29:08 - mmengine - INFO - paramwise_options -- neck.downsamples.1.bn.bias:weight_decay=0.0
2026/09/17 18:29:08 - mmengine - INFO - paramwise_options -- neck.bottom_up_blocks.0.main_conv.bn.weight:weight_decay=0.0
2026/09/17 18:29:08 - mmengine - INFO - paramwise_options -- neck.bottom_up_blocks.0.main_conv.bn.bias:weight_decay=0.0
2026/09/17 18:29:08 - mmengine - INFO - paramwise_options -- neck.bottom_up_blocks.0.short_conv.bn.weight:weight_decay=0.0
2026/09/17 18:29:08 - mmengine - INFO - paramwise_options -- neck.bottom_up_blocks.0.short_conv.bn.bias:weight_decay=0.0
2026/09/17 18:29:08 - mmengine - INFO - paramwise_options -- neck.bottom_up_blocks.0.final_conv.bn.weight:weight_decay=0.0
2026/09/17 18:29:08 - mmengine - INFO - paramwise_options -- neck.bottom_up_blocks.0.final_conv.bn.bias:weight_decay=0.0
2026/09/17 18:29:08 - mmengine - INFO - paramwise_options -- neck.bottom_up_blocks.0.blocks.0.conv1.bn.weight:weight_decay=0.0
2026/09/17 18:29:08 - mmengine - INFO - paramwise_options -- neck.bottom_up_blocks.0.blocks.0.conv1.bn.bias:weight_decay=0.0
2026/09/17 18:29:08 - mmengine - INFO - paramwise_options -- neck.bottom_up_blocks.0.blocks.0.conv2.depthwise_conv.bn.weight:weight_decay=0.0
2026/09/17 18:29:08 - mmengine - INFO - paramwise_options -- neck.bottom_up_blocks.0.blocks.0.conv2.depthwise_conv.bn.bias:weight_decay=0.0
2026/09/17 18:29:08 - mmengine - INFO - paramwise_options -- neck.bottom_up_blocks.0.blocks.0.conv2.pointwise_conv.bn.weight:weight_decay=0.0
2026/09/17 18:29:08 - mmengine - INFO - paramwise_options -- neck.bottom_up_blocks.0.blocks.0.conv2.pointwise_conv.bn.bias:weight_decay=0.0
2026/09/17 18:29:08 - mmengine - INFO - paramwise_options -- neck.bottom_up_blocks.1.main_conv.bn.weight:weight_decay=0.0
2026/09/17 18:29:08 - mmengine - INFO - paramwise_options -- neck.bottom_up_blocks.1.main_conv.bn.bias:weight_decay=0.0
2026/09/17 18:29:08 - mmengine - INFO - paramwise_options -- neck.bottom_up_blocks.1.short_conv.bn.weight:weight_decay=0.0
2026/09/17 18:29:08 - mmengine - INFO - paramwise_options -- neck.bottom_up_blocks.1.short_conv.bn.bias:weight_decay=0.0
2026/09/17 18:29:08 - mmengine - INFO - paramwise_options -- neck.bottom_up_blocks.1.final_conv.bn.weight:weight_decay=0.0
2026/09/17 18:29:08 - mmengine - INFO - paramwise_options -- neck.bottom_up_blocks.1.final_conv.bn.bias:weight_decay=0.0
2026/09/17 18:29:08 - mmengine - INFO - paramwise_options -- neck.bottom_up_blocks.1.blocks.0.conv1.bn.weight:weight_decay=0.0
2026/09/17 18:29:08 - mmengine - INFO - paramwise_options -- neck.bottom_up_blocks.1.blocks.0.conv1.bn.bias:weight_decay=0.0
2026/09/17 18:29:08 - mmengine - INFO - paramwise_options -- neck.bottom_up_blocks.1.blocks.0.conv2.depthwise_conv.bn.weight:weight_decay=0.0
2026/09/17 18:29:08 - mmengine - INFO - paramwise_options -- neck.bottom_up_blocks.1.blocks.0.conv2.depthwise_conv.bn.bias:weight_decay=0.0
2026/09/17 18:29:08 - mmengine - INFO - paramwise_options -- neck.bottom_up_blocks.1.blocks.0.conv2.pointwise_conv.bn.weight:weight_decay=0.0
2026/09/17 18:29:08 - mmengine - INFO - paramwise_options -- neck.bottom_up_blocks.1.blocks.0.conv2.pointwise_conv.bn.bias:weight_decay=0.0
2026/09/17 18:29:08 - mmengine - INFO - paramwise_options -- neck.out_convs.0.bn.weight:weight_decay=0.0
2026/09/17 18:29:08 - mmengine - INFO - paramwise_options -- neck.out_convs.0.bn.bias:weight_decay=0.0
2026/09/17 18:29:08 - mmengine - INFO - paramwise_options -- neck.out_convs.1.bn.weight:weight_decay=0.0
2026/09/17 18:29:08 - mmengine - INFO - paramwise_options -- neck.out_convs.1.bn.bias:weight_decay=0.0
2026/09/17 18:29:08 - mmengine - INFO - paramwise_options -- neck.out_convs.2.bn.weight:weight_decay=0.0
2026/09/17 18:29:08 - mmengine - INFO - paramwise_options -- neck.out_convs.2.bn.bias:weight_decay=0.0
2026/09/17 18:29:08 - mmengine - INFO - paramwise_options -- bbox_head.cls_convs.0.0.bn.weight:weight_decay=0.0
2026/09/17 18:29:08 - mmengine - INFO - paramwise_options -- bbox_head.cls_convs.0.0.bn.bias:weight_decay=0.0
2026/09/17 18:29:08 - mmengine - INFO - paramwise_options -- bbox_head.cls_convs.0.1.bn.weight:weight_decay=0.0
2026/09/17 18:29:08 - mmengine - INFO - paramwise_options -- bbox_head.cls_convs.0.1.bn.bias:weight_decay=0.0
2026/09/17 18:29:08 - mmengine - WARNING - bbox_head.cls_convs.1.0.conv is duplicate. It is skipped since bypass_duplicate=True
2026/09/17 18:29:08 - mmengine - INFO - paramwise_options -- bbox_head.cls_convs.1.0.bn.weight:weight_decay=0.0
2026/09/17 18:29:08 - mmengine - INFO - paramwise_options -- bbox_head.cls_convs.1.0.bn.bias:weight_decay=0.0
2026/09/17 18:29:08 - mmengine - WARNING - bbox_head.cls_convs.1.1.conv is duplicate. It is skipped since bypass_duplicate=True
2026/09/17 18:29:08 - mmengine - INFO - paramwise_options -- bbox_head.cls_convs.1.1.bn.weight:weight_decay=0.0
2026/09/17 18:29:08 - mmengine - INFO - paramwise_options -- bbox_head.cls_convs.1.1.bn.bias:weight_decay=0.0
2026/09/17 18:29:08 - mmengine - WARNING - bbox_head.cls_convs.2.0.conv is duplicate. It is skipped since bypass_duplicate=True
2026/09/17 18:29:08 - mmengine - INFO - paramwise_options -- bbox_head.cls_convs.2.0.bn.weight:weight_decay=0.0
2026/09/17 18:29:08 - mmengine - INFO - paramwise_options -- bbox_head.cls_convs.2.0.bn.bias:weight_decay=0.0
2026/09/17 18:29:08 - mmengine - WARNING - bbox_head.cls_convs.2.1.conv is duplicate. It is skipped since bypass_duplicate=True
2026/09/17 18:29:08 - mmengine - INFO - paramwise_options -- bbox_head.cls_convs.2.1.bn.weight:weight_decay=0.0
2026/09/17 18:29:08 - mmengine - INFO - paramwise_options -- bbox_head.cls_convs.2.1.bn.bias:weight_decay=0.0
2026/09/17 18:29:08 - mmengine - WARNING - bbox_head.reg_convs.0.0.conv is duplicate. It is skipped since bypass_duplicate=True
2026/09/17 18:29:08 - mmengine - WARNING - bbox_head.reg_convs.0.0.bn is duplicate. It is skipped since bypass_duplicate=True
2026/09/17 18:29:08 - mmengine - WARNING - bbox_head.reg_convs.0.1.conv is duplicate. It is skipped since bypass_duplicate=True
2026/09/17 18:29:08 - mmengine - WARNING - bbox_head.reg_convs.0.1.bn is duplicate. It is skipped since bypass_duplicate=True
2026/09/17 18:29:08 - mmengine - WARNING - bbox_head.reg_convs.1.0.conv is duplicate. It is skipped since bypass_duplicate=True
2026/09/17 18:29:08 - mmengine - WARNING - bbox_head.reg_convs.1.0.bn is duplicate. It is skipped since bypass_duplicate=True
2026/09/17 18:29:08 - mmengine - WARNING - bbox_head.reg_convs.1.1.conv is duplicate. It is skipped since bypass_duplicate=True
2026/09/17 18:29:08 - mmengine - WARNING - bbox_head.reg_convs.1.1.bn is duplicate. It is skipped since bypass_duplicate=True
2026/09/17 18:29:08 - mmengine - WARNING - bbox_head.reg_convs.2.0.conv is duplicate. It is skipped since bypass_duplicate=True
2026/09/17 18:29:08 - mmengine - WARNING - bbox_head.reg_convs.2.0.bn is duplicate. It is skipped since bypass_duplicate=True
2026/09/17 18:29:08 - mmengine - WARNING - bbox_head.reg_convs.2.1.conv is duplicate. It is skipped since bypass_duplicate=True
2026/09/17 18:29:08 - mmengine - WARNING - bbox_head.reg_convs.2.1.bn is duplicate. It is skipped since bypass_duplicate=True
2026/09/17 18:29:08 - mmengine - INFO - paramwise_options -- bbox_head.kernel_convs.0.0.bn.weight:weight_decay=0.0
2026/09/17 18:29:08 - mmengine - INFO - paramwise_options -- bbox_head.kernel_convs.0.0.bn.bias:weight_decay=0.0
2026/09/17 18:29:08 - mmengine - INFO - paramwise_options -- bbox_head.kernel_convs.0.1.bn.weight:weight_decay=0.0
2026/09/17 18:29:08 - mmengine - INFO - paramwise_options -- bbox_head.kernel_convs.0.1.bn.bias:weight_decay=0.0
2026/09/17 18:29:08 - mmengine - INFO - paramwise_options -- bbox_head.kernel_convs.1.0.bn.weight:weight_decay=0.0
2026/09/17 18:29:08 - mmengine - INFO - paramwise_options -- bbox_head.kernel_convs.1.0.bn.bias:weight_decay=0.0
2026/09/17 18:29:08 - mmengine - INFO - paramwise_options -- bbox_head.kernel_convs.1.1.bn.weight:weight_decay=0.0
2026/09/17 18:29:08 - mmengine - INFO - paramwise_options -- bbox_head.kernel_convs.1.1.bn.bias:weight_decay=0.0
2026/09/17 18:29:08 - mmengine - INFO - paramwise_options -- bbox_head.kernel_convs.2.0.bn.weight:weight_decay=0.0
2026/09/17 18:29:08 - mmengine - INFO - paramwise_options -- bbox_head.kernel_convs.2.0.bn.bias:weight_decay=0.0
2026/09/17 18:29:08 - mmengine - INFO - paramwise_options -- bbox_head.kernel_convs.2.1.bn.weight:weight_decay=0.0
2026/09/17 18:29:08 - mmengine - INFO - paramwise_options -- bbox_head.kernel_convs.2.1.bn.bias:weight_decay=0.0
2026/09/17 18:29:08 - mmengine - INFO - paramwise_options -- bbox_head.rtm_cls.0.bias:weight_decay=0.0
2026/09/17 18:29:08 - mmengine - INFO - paramwise_options -- bbox_head.rtm_cls.1.bias:weight_decay=0.0
2026/09/17 18:29:08 - mmengine - INFO - paramwise_options -- bbox_head.rtm_cls.2.bias:weight_decay=0.0
2026/09/17 18:29:08 - mmengine - INFO - paramwise_options -- bbox_head.rtm_reg.0.bias:weight_decay=0.0
2026/09/17 18:29:08 - mmengine - INFO - paramwise_options -- bbox_head.rtm_reg.1.bias:weight_decay=0.0
2026/09/17 18:29:08 - mmengine - INFO - paramwise_options -- bbox_head.rtm_reg.2.bias:weight_decay=0.0
2026/09/17 18:29:08 - mmengine - INFO - paramwise_options -- bbox_head.rtm_kernel.0.bias:weight_decay=0.0
2026/09/17 18:29:08 - mmengine - INFO - paramwise_options -- bbox_head.rtm_kernel.1.bias:weight_decay=0.0
2026/09/17 18:29:08 - mmengine - INFO - paramwise_options -- bbox_head.rtm_kernel.2.bias:weight_decay=0.0
2026/09/17 18:29:08 - mmengine - INFO - paramwise_options -- bbox_head.mask_head.fusion_conv.bias:weight_decay=0.0
2026/09/17 18:29:08 - mmengine - INFO - paramwise_options -- bbox_head.mask_head.stacked_convs.0.bn.weight:weight_decay=0.0
2026/09/17 18:29:08 - mmengine - INFO - paramwise_options -- bbox_head.mask_head.stacked_convs.0.bn.bias:weight_decay=0.0
2026/09/17 18:29:08 - mmengine - INFO - paramwise_options -- bbox_head.mask_head.stacked_convs.1.bn.weight:weight_decay=0.0
2026/09/17 18:29:08 - mmengine - INFO - paramwise_options -- bbox_head.mask_head.stacked_convs.1.bn.bias:weight_decay=0.0
2026/09/17 18:29:08 - mmengine - INFO - paramwise_options -- bbox_head.mask_head.stacked_convs.2.bn.weight:weight_decay=0.0
2026/09/17 18:29:08 - mmengine - INFO - paramwise_options -- bbox_head.mask_head.stacked_convs.2.bn.bias:weight_decay=0.0
2026/09/17 18:29:08 - mmengine - INFO - paramwise_options -- bbox_head.mask_head.stacked_convs.3.bn.weight:weight_decay=0.0
2026/09/17 18:29:08 - mmengine - INFO - paramwise_options -- bbox_head.mask_head.stacked_convs.3.bn.bias:weight_decay=0.0
2026/09/17 18:29:08 - mmengine - INFO - paramwise_options -- bbox_head.mask_head.projection.bias:weight_decay=0.0
2026/09/17 18:29:08 - mmengine - INFO - load backbone. in model from: https://download.openmmlab.com/mmdetection/v3.0/rtmdet/cspnext_rsb_pretrain/cspnext-s_imagenet_600e.pth
Name of parameter - Initialization information

backbone.stem.0.conv.weight - torch.Size([16, 3, 3, 3]): 
PretrainedInit: load from https://download.openmmlab.com/mmdetection/v3.0/rtmdet/cspnext_rsb_pretrain/cspnext-s_imagenet_600e.pth 

backbone.stem.0.bn.weight - torch.Size([16]): 
PretrainedInit: load from https://download.openmmlab.com/mmdetection/v3.0/rtmdet/cspnext_rsb_pretrain/cspnext-s_imagenet_600e.pth 

backbone.stem.0.bn.bias - torch.Size([16]): 
PretrainedInit: load from https://download.openmmlab.com/mmdetection/v3.0/rtmdet/cspnext_rsb_pretrain/cspnext-s_imagenet_600e.pth 

backbone.stem.1.conv.weight - torch.Size([16, 16, 3, 3]): 
PretrainedInit: load from https://download.openmmlab.com/mmdetection/v3.0/rtmdet/cspnext_rsb_pretrain/cspnext-s_imagenet_600e.pth 

backbone.stem.1.bn.weight - torch.Size([16]): 
PretrainedInit: load from https://download.openmmlab.com/mmdetection/v3.0/rtmdet/cspnext_rsb_pretrain/cspnext-s_imagenet_600e.pth 

backbone.stem.1.bn.bias - torch.Size([16]): 
PretrainedInit: load from https://download.openmmlab.com/mmdetection/v3.0/rtmdet/cspnext_rsb_pretrain/cspnext-s_imagenet_600e.pth 

backbone.stem.2.conv.weight - torch.Size([32, 16, 3, 3]): 
PretrainedInit: load from https://download.openmmlab.com/mmdetection/v3.0/rtmdet/cspnext_rsb_pretrain/cspnext-s_imagenet_600e.pth 

backbone.stem.2.bn.weight - torch.Size([32]): 
PretrainedInit: load from https://download.openmmlab.com/mmdetection/v3.0/rtmdet/cspnext_rsb_pretrain/cspnext-s_imagenet_600e.pth 

backbone.stem.2.bn.bias - torch.Size([32]): 
PretrainedInit: load from https://download.openmmlab.com/mmdetection/v3.0/rtmdet/cspnext_rsb_pretrain/cspnext-s_imagenet_600e.pth 

backbone.stage1.0.conv.weight - torch.Size([64, 32, 3, 3]): 
PretrainedInit: load from https://download.openmmlab.com/mmdetection/v3.0/rtmdet/cspnext_rsb_pretrain/cspnext-s_imagenet_600e.pth 

backbone.stage1.0.bn.weight - torch.Size([64]): 
PretrainedInit: load from https://download.openmmlab.com/mmdetection/v3.0/rtmdet/cspnext_rsb_pretrain/cspnext-s_imagenet_600e.pth 

backbone.stage1.0.bn.bias - torch.Size([64]): 
PretrainedInit: load from https://download.openmmlab.com/mmdetection/v3.0/rtmdet/cspnext_rsb_pretrain/cspnext-s_imagenet_600e.pth 

backbone.stage1.1.main_conv.conv.weight - torch.Size([32, 64, 1, 1]): 
PretrainedInit: load from https://download.openmmlab.com/mmdetection/v3.0/rtmdet/cspnext_rsb_pretrain/cspnext-s_imagenet_600e.pth 

backbone.stage1.1.main_conv.bn.weight - torch.Size([32]): 
PretrainedInit: load from https://download.openmmlab.com/mmdetection/v3.0/rtmdet/cspnext_rsb_pretrain/cspnext-s_imagenet_600e.pth 

backbone.stage1.1.main_conv.bn.bias - torch.Size([32]): 
PretrainedInit: load from https://download.openmmlab.com/mmdetection/v3.0/rtmdet/cspnext_rsb_pretrain/cspnext-s_imagenet_600e.pth 

backbone.stage1.1.short_conv.conv.weight - torch.Size([32, 64, 1, 1]): 
PretrainedInit: load from https://download.openmmlab.com/mmdetection/v3.0/rtmdet/cspnext_rsb_pretrain/cspnext-s_imagenet_600e.pth 

backbone.stage1.1.short_conv.bn.weight - torch.Size([32]): 
PretrainedInit: load from https://download.openmmlab.com/mmdetection/v3.0/rtmdet/cspnext_rsb_pretrain/cspnext-s_imagenet_600e.pth 

backbone.stage1.1.short_conv.bn.bias - torch.Size([32]): 
PretrainedInit: load from https://download.openmmlab.com/mmdetection/v3.0/rtmdet/cspnext_rsb_pretrain/cspnext-s_imagenet_600e.pth 

backbone.stage1.1.final_conv.conv.weight - torch.Size([64, 64, 1, 1]): 
PretrainedInit: load from https://download.openmmlab.com/mmdetection/v3.0/rtmdet/cspnext_rsb_pretrain/cspnext-s_imagenet_600e.pth 

backbone.stage1.1.final_conv.bn.weight - torch.Size([64]): 
PretrainedInit: load from https://download.openmmlab.com/mmdetection/v3.0/rtmdet/cspnext_rsb_pretrain/cspnext-s_imagenet_600e.pth 

backbone.stage1.1.final_conv.bn.bias - torch.Size([64]): 
PretrainedInit: load from https://download.openmmlab.com/mmdetection/v3.0/rtmdet/cspnext_rsb_pretrain/cspnext-s_imagenet_600e.pth 

backbone.stage1.1.blocks.0.conv1.conv.weight - torch.Size([32, 32, 3, 3]): 
PretrainedInit: load from https://download.openmmlab.com/mmdetection/v3.0/rtmdet/cspnext_rsb_pretrain/cspnext-s_imagenet_600e.pth 

backbone.stage1.1.blocks.0.conv1.bn.weight - torch.Size([32]): 
PretrainedInit: load from https://download.openmmlab.com/mmdetection/v3.0/rtmdet/cspnext_rsb_pretrain/cspnext-s_imagenet_600e.pth 

backbone.stage1.1.blocks.0.conv1.bn.bias - torch.Size([32]): 
PretrainedInit: load from https://download.openmmlab.com/mmdetection/v3.0/rtmdet/cspnext_rsb_pretrain/cspnext-s_imagenet_600e.pth 

backbone.stage1.1.blocks.0.conv2.depthwise_conv.conv.weight - torch.Size([32, 1, 5, 5]): 
PretrainedInit: load from https://download.openmmlab.com/mmdetection/v3.0/rtmdet/cspnext_rsb_pretrain/cspnext-s_imagenet_600e.pth 

backbone.stage1.1.blocks.0.conv2.depthwise_conv.bn.weight - torch.Size([32]): 
PretrainedInit: load from https://download.openmmlab.com/mmdetection/v3.0/rtmdet/cspnext_rsb_pretrain/cspnext-s_imagenet_600e.pth 

backbone.stage1.1.blocks.0.conv2.depthwise_conv.bn.bias - torch.Size([32]): 
PretrainedInit: load from https://download.openmmlab.com/mmdetection/v3.0/rtmdet/cspnext_rsb_pretrain/cspnext-s_imagenet_600e.pth 

backbone.stage1.1.blocks.0.conv2.pointwise_conv.conv.weight - torch.Size([32, 32, 1, 1]): 
PretrainedInit: load from https://download.openmmlab.com/mmdetection/v3.0/rtmdet/cspnext_rsb_pretrain/cspnext-s_imagenet_600e.pth 

backbone.stage1.1.blocks.0.conv2.pointwise_conv.bn.weight - torch.Size([32]): 
PretrainedInit: load from https://download.openmmlab.com/mmdetection/v3.0/rtmdet/cspnext_rsb_pretrain/cspnext-s_imagenet_600e.pth 

backbone.stage1.1.blocks.0.conv2.pointwise_conv.bn.bias - torch.Size([32]): 
PretrainedInit: load from https://download.openmmlab.com/mmdetection/v3.0/rtmdet/cspnext_rsb_pretrain/cspnext-s_imagenet_600e.pth 

backbone.stage1.1.attention.fc.weight - torch.Size([64, 64, 1, 1]): 
PretrainedInit: load from https://download.openmmlab.com/mmdetection/v3.0/rtmdet/cspnext_rsb_pretrain/cspnext-s_imagenet_600e.pth 

backbone.stage1.1.attention.fc.bias - torch.Size([64]): 
PretrainedInit: load from https://download.openmmlab.com/mmdetection/v3.0/rtmdet/cspnext_rsb_pretrain/cspnext-s_imagenet_600e.pth 

backbone.stage2.0.conv.weight - torch.Size([128, 64, 3, 3]): 
PretrainedInit: load from https://download.openmmlab.com/mmdetection/v3.0/rtmdet/cspnext_rsb_pretrain/cspnext-s_imagenet_600e.pth 

backbone.stage2.0.bn.weight - torch.Size([128]): 
PretrainedInit: load from https://download.openmmlab.com/mmdetection/v3.0/rtmdet/cspnext_rsb_pretrain/cspnext-s_imagenet_600e.pth 

backbone.stage2.0.bn.bias - torch.Size([128]): 
PretrainedInit: load from https://download.openmmlab.com/mmdetection/v3.0/rtmdet/cspnext_rsb_pretrain/cspnext-s_imagenet_600e.pth 

backbone.stage2.1.main_conv.conv.weight - torch.Size([64, 128, 1, 1]): 
PretrainedInit: load from https://download.openmmlab.com/mmdetection/v3.0/rtmdet/cspnext_rsb_pretrain/cspnext-s_imagenet_600e.pth 

backbone.stage2.1.main_conv.bn.weight - torch.Size([64]): 
PretrainedInit: load from https://download.openmmlab.com/mmdetection/v3.0/rtmdet/cspnext_rsb_pretrain/cspnext-s_imagenet_600e.pth 

backbone.stage2.1.main_conv.bn.bias - torch.Size([64]): 
PretrainedInit: load from https://download.openmmlab.com/mmdetection/v3.0/rtmdet/cspnext_rsb_pretrain/cspnext-s_imagenet_600e.pth 

backbone.stage2.1.short_conv.conv.weight - torch.Size([64, 128, 1, 1]): 
PretrainedInit: load from https://download.openmmlab.com/mmdetection/v3.0/rtmdet/cspnext_rsb_pretrain/cspnext-s_imagenet_600e.pth 

backbone.stage2.1.short_conv.bn.weight - torch.Size([64]): 
PretrainedInit: load from https://download.openmmlab.com/mmdetection/v3.0/rtmdet/cspnext_rsb_pretrain/cspnext-s_imagenet_600e.pth 

backbone.stage2.1.short_conv.bn.bias - torch.Size([64]): 
PretrainedInit: load from https://download.openmmlab.com/mmdetection/v3.0/rtmdet/cspnext_rsb_pretrain/cspnext-s_imagenet_600e.pth 

backbone.stage2.1.final_conv.conv.weight - torch.Size([128, 128, 1, 1]): 
PretrainedInit: load from https://download.openmmlab.com/mmdetection/v3.0/rtmdet/cspnext_rsb_pretrain/cspnext-s_imagenet_600e.pth 

backbone.stage2.1.final_conv.bn.weight - torch.Size([128]): 
PretrainedInit: load from https://download.openmmlab.com/mmdetection/v3.0/rtmdet/cspnext_rsb_pretrain/cspnext-s_imagenet_600e.pth 

backbone.stage2.1.final_conv.bn.bias - torch.Size([128]): 
PretrainedInit: load from https://download.openmmlab.com/mmdetection/v3.0/rtmdet/cspnext_rsb_pretrain/cspnext-s_imagenet_600e.pth 

backbone.stage2.1.blocks.0.conv1.conv.weight - torch.Size([64, 64, 3, 3]): 
PretrainedInit: load from https://download.openmmlab.com/mmdetection/v3.0/rtmdet/cspnext_rsb_pretrain/cspnext-s_imagenet_600e.pth 

backbone.stage2.1.blocks.0.conv1.bn.weight - torch.Size([64]): 
PretrainedInit: load from https://download.openmmlab.com/mmdetection/v3.0/rtmdet/cspnext_rsb_pretrain/cspnext-s_imagenet_600e.pth 

backbone.stage2.1.blocks.0.conv1.bn.bias - torch.Size([64]): 
PretrainedInit: load from https://download.openmmlab.com/mmdetection/v3.0/rtmdet/cspnext_rsb_pretrain/cspnext-s_imagenet_600e.pth 

backbone.stage2.1.blocks.0.conv2.depthwise_conv.conv.weight - torch.Size([64, 1, 5, 5]): 
PretrainedInit: load from https://download.openmmlab.com/mmdetection/v3.0/rtmdet/cspnext_rsb_pretrain/cspnext-s_imagenet_600e.pth 

backbone.stage2.1.blocks.0.conv2.depthwise_conv.bn.weight - torch.Size([64]): 
PretrainedInit: load from https://download.openmmlab.com/mmdetection/v3.0/rtmdet/cspnext_rsb_pretrain/cspnext-s_imagenet_600e.pth 

backbone.stage2.1.blocks.0.conv2.depthwise_conv.bn.bias - torch.Size([64]): 
PretrainedInit: load from https://download.openmmlab.com/mmdetection/v3.0/rtmdet/cspnext_rsb_pretrain/cspnext-s_imagenet_600e.pth 

backbone.stage2.1.blocks.0.conv2.pointwise_conv.conv.weight - torch.Size([64, 64, 1, 1]): 
PretrainedInit: load from https://download.openmmlab.com/mmdetection/v3.0/rtmdet/cspnext_rsb_pretrain/cspnext-s_imagenet_600e.pth 

backbone.stage2.1.blocks.0.conv2.pointwise_conv.bn.weight - torch.Size([64]): 
PretrainedInit: load from https://download.openmmlab.com/mmdetection/v3.0/rtmdet/cspnext_rsb_pretrain/cspnext-s_imagenet_600e.pth 

backbone.stage2.1.blocks.0.conv2.pointwise_conv.bn.bias - torch.Size([64]): 
PretrainedInit: load from https://download.openmmlab.com/mmdetection/v3.0/rtmdet/cspnext_rsb_pretrain/cspnext-s_imagenet_600e.pth 

backbone.stage2.1.blocks.1.conv1.conv.weight - torch.Size([64, 64, 3, 3]): 
PretrainedInit: load from https://download.openmmlab.com/mmdetection/v3.0/rtmdet/cspnext_rsb_pretrain/cspnext-s_imagenet_600e.pth 

backbone.stage2.1.blocks.1.conv1.bn.weight - torch.Size([64]): 
PretrainedInit: load from https://download.openmmlab.com/mmdetection/v3.0/rtmdet/cspnext_rsb_pretrain/cspnext-s_imagenet_600e.pth 

backbone.stage2.1.blocks.1.conv1.bn.bias - torch.Size([64]): 
PretrainedInit: load from https://download.openmmlab.com/mmdetection/v3.0/rtmdet/cspnext_rsb_pretrain/cspnext-s_imagenet_600e.pth 

backbone.stage2.1.blocks.1.conv2.depthwise_conv.conv.weight - torch.Size([64, 1, 5, 5]): 
PretrainedInit: load from https://download.openmmlab.com/mmdetection/v3.0/rtmdet/cspnext_rsb_pretrain/cspnext-s_imagenet_600e.pth 

backbone.stage2.1.blocks.1.conv2.depthwise_conv.bn.weight - torch.Size([64]): 
PretrainedInit: load from https://download.openmmlab.com/mmdetection/v3.0/rtmdet/cspnext_rsb_pretrain/cspnext-s_imagenet_600e.pth 

backbone.stage2.1.blocks.1.conv2.depthwise_conv.bn.bias - torch.Size([64]): 
PretrainedInit: load from https://download.openmmlab.com/mmdetection/v3.0/rtmdet/cspnext_rsb_pretrain/cspnext-s_imagenet_600e.pth 

backbone.stage2.1.blocks.1.conv2.pointwise_conv.conv.weight - torch.Size([64, 64, 1, 1]): 
PretrainedInit: load from https://download.openmmlab.com/mmdetection/v3.0/rtmdet/cspnext_rsb_pretrain/cspnext-s_imagenet_600e.pth 

backbone.stage2.1.blocks.1.conv2.pointwise_conv.bn.weight - torch.Size([64]): 
PretrainedInit: load from https://download.openmmlab.com/mmdetection/v3.0/rtmdet/cspnext_rsb_pretrain/cspnext-s_imagenet_600e.pth 

backbone.stage2.1.blocks.1.conv2.pointwise_conv.bn.bias - torch.Size([64]): 
PretrainedInit: load from https://download.openmmlab.com/mmdetection/v3.0/rtmdet/cspnext_rsb_pretrain/cspnext-s_imagenet_600e.pth 

backbone.stage2.1.attention.fc.weight - torch.Size([128, 128, 1, 1]): 
PretrainedInit: load from https://download.openmmlab.com/mmdetection/v3.0/rtmdet/cspnext_rsb_pretrain/cspnext-s_imagenet_600e.pth 

backbone.stage2.1.attention.fc.bias - torch.Size([128]): 
PretrainedInit: load from https://download.openmmlab.com/mmdetection/v3.0/rtmdet/cspnext_rsb_pretrain/cspnext-s_imagenet_600e.pth 

backbone.stage3.0.conv.weight - torch.Size([256, 128, 3, 3]): 
PretrainedInit: load from https://download.openmmlab.com/mmdetection/v3.0/rtmdet/cspnext_rsb_pretrain/cspnext-s_imagenet_600e.pth 

backbone.stage3.0.bn.weight - torch.Size([256]): 
PretrainedInit: load from https://download.openmmlab.com/mmdetection/v3.0/rtmdet/cspnext_rsb_pretrain/cspnext-s_imagenet_600e.pth 

backbone.stage3.0.bn.bias - torch.Size([256]): 
PretrainedInit: load from https://download.openmmlab.com/mmdetection/v3.0/rtmdet/cspnext_rsb_pretrain/cspnext-s_imagenet_600e.pth 

backbone.stage3.1.main_conv.conv.weight - torch.Size([128, 256, 1, 1]): 
PretrainedInit: load from https://download.openmmlab.com/mmdetection/v3.0/rtmdet/cspnext_rsb_pretrain/cspnext-s_imagenet_600e.pth 

backbone.stage3.1.main_conv.bn.weight - torch.Size([128]): 
PretrainedInit: load from https://download.openmmlab.com/mmdetection/v3.0/rtmdet/cspnext_rsb_pretrain/cspnext-s_imagenet_600e.pth 

backbone.stage3.1.main_conv.bn.bias - torch.Size([128]): 
PretrainedInit: load from https://download.openmmlab.com/mmdetection/v3.0/rtmdet/cspnext_rsb_pretrain/cspnext-s_imagenet_600e.pth 

backbone.stage3.1.short_conv.conv.weight - torch.Size([128, 256, 1, 1]): 
PretrainedInit: load from https://download.openmmlab.com/mmdetection/v3.0/rtmdet/cspnext_rsb_pretrain/cspnext-s_imagenet_600e.pth 

backbone.stage3.1.short_conv.bn.weight - torch.Size([128]): 
PretrainedInit: load from https://download.openmmlab.com/mmdetection/v3.0/rtmdet/cspnext_rsb_pretrain/cspnext-s_imagenet_600e.pth 

backbone.stage3.1.short_conv.bn.bias - torch.Size([128]): 
PretrainedInit: load from https://download.openmmlab.com/mmdetection/v3.0/rtmdet/cspnext_rsb_pretrain/cspnext-s_imagenet_600e.pth 

backbone.stage3.1.final_conv.conv.weight - torch.Size([256, 256, 1, 1]): 
PretrainedInit: load from https://download.openmmlab.com/mmdetection/v3.0/rtmdet/cspnext_rsb_pretrain/cspnext-s_imagenet_600e.pth 

backbone.stage3.1.final_conv.bn.weight - torch.Size([256]): 
PretrainedInit: load from https://download.openmmlab.com/mmdetection/v3.0/rtmdet/cspnext_rsb_pretrain/cspnext-s_imagenet_600e.pth 

backbone.stage3.1.final_conv.bn.bias - torch.Size([256]): 
PretrainedInit: load from https://download.openmmlab.com/mmdetection/v3.0/rtmdet/cspnext_rsb_pretrain/cspnext-s_imagenet_600e.pth 

backbone.stage3.1.blocks.0.conv1.conv.weight - torch.Size([128, 128, 3, 3]): 
PretrainedInit: load from https://download.openmmlab.com/mmdetection/v3.0/rtmdet/cspnext_rsb_pretrain/cspnext-s_imagenet_600e.pth 

backbone.stage3.1.blocks.0.conv1.bn.weight - torch.Size([128]): 
PretrainedInit: load from https://download.openmmlab.com/mmdetection/v3.0/rtmdet/cspnext_rsb_pretrain/cspnext-s_imagenet_600e.pth 

backbone.stage3.1.blocks.0.conv1.bn.bias - torch.Size([128]): 
PretrainedInit: load from https://download.openmmlab.com/mmdetection/v3.0/rtmdet/cspnext_rsb_pretrain/cspnext-s_imagenet_600e.pth 

backbone.stage3.1.blocks.0.conv2.depthwise_conv.conv.weight - torch.Size([128, 1, 5, 5]): 
PretrainedInit: load from https://download.openmmlab.com/mmdetection/v3.0/rtmdet/cspnext_rsb_pretrain/cspnext-s_imagenet_600e.pth 

backbone.stage3.1.blocks.0.conv2.depthwise_conv.bn.weight - torch.Size([128]): 
PretrainedInit: load from https://download.openmmlab.com/mmdetection/v3.0/rtmdet/cspnext_rsb_pretrain/cspnext-s_imagenet_600e.pth 

backbone.stage3.1.blocks.0.conv2.depthwise_conv.bn.bias - torch.Size([128]): 
PretrainedInit: load from https://download.openmmlab.com/mmdetection/v3.0/rtmdet/cspnext_rsb_pretrain/cspnext-s_imagenet_600e.pth 

backbone.stage3.1.blocks.0.conv2.pointwise_conv.conv.weight - torch.Size([128, 128, 1, 1]): 
PretrainedInit: load from https://download.openmmlab.com/mmdetection/v3.0/rtmdet/cspnext_rsb_pretrain/cspnext-s_imagenet_600e.pth 

backbone.stage3.1.blocks.0.conv2.pointwise_conv.bn.weight - torch.Size([128]): 
PretrainedInit: load from https://download.openmmlab.com/mmdetection/v3.0/rtmdet/cspnext_rsb_pretrain/cspnext-s_imagenet_600e.pth 

backbone.stage3.1.blocks.0.conv2.pointwise_conv.bn.bias - torch.Size([128]): 
PretrainedInit: load from https://download.openmmlab.com/mmdetection/v3.0/rtmdet/cspnext_rsb_pretrain/cspnext-s_imagenet_600e.pth 

backbone.stage3.1.blocks.1.conv1.conv.weight - torch.Size([128, 128, 3, 3]): 
PretrainedInit: load from https://download.openmmlab.com/mmdetection/v3.0/rtmdet/cspnext_rsb_pretrain/cspnext-s_imagenet_600e.pth 

backbone.stage3.1.blocks.1.conv1.bn.weight - torch.Size([128]): 
PretrainedInit: load from https://download.openmmlab.com/mmdetection/v3.0/rtmdet/cspnext_rsb_pretrain/cspnext-s_imagenet_600e.pth 

backbone.stage3.1.blocks.1.conv1.bn.bias - torch.Size([128]): 
PretrainedInit: load from https://download.openmmlab.com/mmdetection/v3.0/rtmdet/cspnext_rsb_pretrain/cspnext-s_imagenet_600e.pth 

backbone.stage3.1.blocks.1.conv2.depthwise_conv.conv.weight - torch.Size([128, 1, 5, 5]): 
PretrainedInit: load from https://download.openmmlab.com/mmdetection/v3.0/rtmdet/cspnext_rsb_pretrain/cspnext-s_imagenet_600e.pth 

backbone.stage3.1.blocks.1.conv2.depthwise_conv.bn.weight - torch.Size([128]): 
PretrainedInit: load from https://download.openmmlab.com/mmdetection/v3.0/rtmdet/cspnext_rsb_pretrain/cspnext-s_imagenet_600e.pth 

backbone.stage3.1.blocks.1.conv2.depthwise_conv.bn.bias - torch.Size([128]): 
PretrainedInit: load from https://download.openmmlab.com/mmdetection/v3.0/rtmdet/cspnext_rsb_pretrain/cspnext-s_imagenet_600e.pth 

backbone.stage3.1.blocks.1.conv2.pointwise_conv.conv.weight - torch.Size([128, 128, 1, 1]): 
PretrainedInit: load from https://download.openmmlab.com/mmdetection/v3.0/rtmdet/cspnext_rsb_pretrain/cspnext-s_imagenet_600e.pth 

backbone.stage3.1.blocks.1.conv2.pointwise_conv.bn.weight - torch.Size([128]): 
PretrainedInit: load from https://download.openmmlab.com/mmdetection/v3.0/rtmdet/cspnext_rsb_pretrain/cspnext-s_imagenet_600e.pth 

backbone.stage3.1.blocks.1.conv2.pointwise_conv.bn.bias - torch.Size([128]): 
PretrainedInit: load from https://download.openmmlab.com/mmdetection/v3.0/rtmdet/cspnext_rsb_pretrain/cspnext-s_imagenet_600e.pth 

backbone.stage3.1.attention.fc.weight - torch.Size([256, 256, 1, 1]): 
PretrainedInit: load from https://download.openmmlab.com/mmdetection/v3.0/rtmdet/cspnext_rsb_pretrain/cspnext-s_imagenet_600e.pth 

backbone.stage3.1.attention.fc.bias - torch.Size([256]): 
PretrainedInit: load from https://download.openmmlab.com/mmdetection/v3.0/rtmdet/cspnext_rsb_pretrain/cspnext-s_imagenet_600e.pth 

backbone.stage4.0.conv.weight - torch.Size([512, 256, 3, 3]): 
PretrainedInit: load from https://download.openmmlab.com/mmdetection/v3.0/rtmdet/cspnext_rsb_pretrain/cspnext-s_imagenet_600e.pth 

backbone.stage4.0.bn.weight - torch.Size([512]): 
PretrainedInit: load from https://download.openmmlab.com/mmdetection/v3.0/rtmdet/cspnext_rsb_pretrain/cspnext-s_imagenet_600e.pth 

backbone.stage4.0.bn.bias - torch.Size([512]): 
PretrainedInit: load from https://download.openmmlab.com/mmdetection/v3.0/rtmdet/cspnext_rsb_pretrain/cspnext-s_imagenet_600e.pth 

backbone.stage4.1.conv1.conv.weight - torch.Size([256, 512, 1, 1]): 
PretrainedInit: load from https://download.openmmlab.com/mmdetection/v3.0/rtmdet/cspnext_rsb_pretrain/cspnext-s_imagenet_600e.pth 

backbone.stage4.1.conv1.bn.weight - torch.Size([256]): 
PretrainedInit: load from https://download.openmmlab.com/mmdetection/v3.0/rtmdet/cspnext_rsb_pretrain/cspnext-s_imagenet_600e.pth 

backbone.stage4.1.conv1.bn.bias - torch.Size([256]): 
PretrainedInit: load from https://download.openmmlab.com/mmdetection/v3.0/rtmdet/cspnext_rsb_pretrain/cspnext-s_imagenet_600e.pth 

backbone.stage4.1.conv2.conv.weight - torch.Size([512, 1024, 1, 1]): 
PretrainedInit: load from https://download.openmmlab.com/mmdetection/v3.0/rtmdet/cspnext_rsb_pretrain/cspnext-s_imagenet_600e.pth 

backbone.stage4.1.conv2.bn.weight - torch.Size([512]): 
PretrainedInit: load from https://download.openmmlab.com/mmdetection/v3.0/rtmdet/cspnext_rsb_pretrain/cspnext-s_imagenet_600e.pth 

backbone.stage4.1.conv2.bn.bias - torch.Size([512]): 
PretrainedInit: load from https://download.openmmlab.com/mmdetection/v3.0/rtmdet/cspnext_rsb_pretrain/cspnext-s_imagenet_600e.pth 

backbone.stage4.2.main_conv.conv.weight - torch.Size([256, 512, 1, 1]): 
PretrainedInit: load from https://download.openmmlab.com/mmdetection/v3.0/rtmdet/cspnext_rsb_pretrain/cspnext-s_imagenet_600e.pth 

backbone.stage4.2.main_conv.bn.weight - torch.Size([256]): 
PretrainedInit: load from https://download.openmmlab.com/mmdetection/v3.0/rtmdet/cspnext_rsb_pretrain/cspnext-s_imagenet_600e.pth 

backbone.stage4.2.main_conv.bn.bias - torch.Size([256]): 
PretrainedInit: load from https://download.openmmlab.com/mmdetection/v3.0/rtmdet/cspnext_rsb_pretrain/cspnext-s_imagenet_600e.pth 

backbone.stage4.2.short_conv.conv.weight - torch.Size([256, 512, 1, 1]): 
PretrainedInit: load from https://download.openmmlab.com/mmdetection/v3.0/rtmdet/cspnext_rsb_pretrain/cspnext-s_imagenet_600e.pth 

backbone.stage4.2.short_conv.bn.weight - torch.Size([256]): 
PretrainedInit: load from https://download.openmmlab.com/mmdetection/v3.0/rtmdet/cspnext_rsb_pretrain/cspnext-s_imagenet_600e.pth 

backbone.stage4.2.short_conv.bn.bias - torch.Size([256]): 
PretrainedInit: load from https://download.openmmlab.com/mmdetection/v3.0/rtmdet/cspnext_rsb_pretrain/cspnext-s_imagenet_600e.pth 

backbone.stage4.2.final_conv.conv.weight - torch.Size([512, 512, 1, 1]): 
PretrainedInit: load from https://download.openmmlab.com/mmdetection/v3.0/rtmdet/cspnext_rsb_pretrain/cspnext-s_imagenet_600e.pth 

backbone.stage4.2.final_conv.bn.weight - torch.Size([512]): 
PretrainedInit: load from https://download.openmmlab.com/mmdetection/v3.0/rtmdet/cspnext_rsb_pretrain/cspnext-s_imagenet_600e.pth 

backbone.stage4.2.final_conv.bn.bias - torch.Size([512]): 
PretrainedInit: load from https://download.openmmlab.com/mmdetection/v3.0/rtmdet/cspnext_rsb_pretrain/cspnext-s_imagenet_600e.pth 

backbone.stage4.2.blocks.0.conv1.conv.weight - torch.Size([256, 256, 3, 3]): 
PretrainedInit: load from https://download.openmmlab.com/mmdetection/v3.0/rtmdet/cspnext_rsb_pretrain/cspnext-s_imagenet_600e.pth 

backbone.stage4.2.blocks.0.conv1.bn.weight - torch.Size([256]): 
PretrainedInit: load from https://download.openmmlab.com/mmdetection/v3.0/rtmdet/cspnext_rsb_pretrain/cspnext-s_imagenet_600e.pth 

backbone.stage4.2.blocks.0.conv1.bn.bias - torch.Size([256]): 
PretrainedInit: load from https://download.openmmlab.com/mmdetection/v3.0/rtmdet/cspnext_rsb_pretrain/cspnext-s_imagenet_600e.pth 

backbone.stage4.2.blocks.0.conv2.depthwise_conv.conv.weight - torch.Size([256, 1, 5, 5]): 
PretrainedInit: load from https://download.openmmlab.com/mmdetection/v3.0/rtmdet/cspnext_rsb_pretrain/cspnext-s_imagenet_600e.pth 

backbone.stage4.2.blocks.0.conv2.depthwise_conv.bn.weight - torch.Size([256]): 
PretrainedInit: load from https://download.openmmlab.com/mmdetection/v3.0/rtmdet/cspnext_rsb_pretrain/cspnext-s_imagenet_600e.pth 

backbone.stage4.2.blocks.0.conv2.depthwise_conv.bn.bias - torch.Size([256]): 
PretrainedInit: load from https://download.openmmlab.com/mmdetection/v3.0/rtmdet/cspnext_rsb_pretrain/cspnext-s_imagenet_600e.pth 

backbone.stage4.2.blocks.0.conv2.pointwise_conv.conv.weight - torch.Size([256, 256, 1, 1]): 
PretrainedInit: load from https://download.openmmlab.com/mmdetection/v3.0/rtmdet/cspnext_rsb_pretrain/cspnext-s_imagenet_600e.pth 

backbone.stage4.2.blocks.0.conv2.pointwise_conv.bn.weight - torch.Size([256]): 
PretrainedInit: load from https://download.openmmlab.com/mmdetection/v3.0/rtmdet/cspnext_rsb_pretrain/cspnext-s_imagenet_600e.pth 

backbone.stage4.2.blocks.0.conv2.pointwise_conv.bn.bias - torch.Size([256]): 
PretrainedInit: load from https://download.openmmlab.com/mmdetection/v3.0/rtmdet/cspnext_rsb_pretrain/cspnext-s_imagenet_600e.pth 

backbone.stage4.2.attention.fc.weight - torch.Size([512, 512, 1, 1]): 
PretrainedInit: load from https://download.openmmlab.com/mmdetection/v3.0/rtmdet/cspnext_rsb_pretrain/cspnext-s_imagenet_600e.pth 

backbone.stage4.2.attention.fc.bias - torch.Size([512]): 
PretrainedInit: load from https://download.openmmlab.com/mmdetection/v3.0/rtmdet/cspnext_rsb_pretrain/cspnext-s_imagenet_600e.pth 

neck.reduce_layers.0.conv.weight - torch.Size([256, 512, 1, 1]): 
KaimingInit: a=2.23606797749979, mode=fan_in, nonlinearity=leaky_relu, distribution =uniform, bias=0 

neck.reduce_layers.0.bn.weight - torch.Size([256]): 
The value is the same before and after calling `init_weights` of RTMDet  

neck.reduce_layers.0.bn.bias - torch.Size([256]): 
The value is the same before and after calling `init_weights` of RTMDet  

neck.reduce_layers.1.conv.weight - torch.Size([128, 256, 1, 1]): 
KaimingInit: a=2.23606797749979, mode=fan_in, nonlinearity=leaky_relu, distribution =uniform, bias=0 

neck.reduce_layers.1.bn.weight - torch.Size([128]): 
The value is the same before and after calling `init_weights` of RTMDet  

neck.reduce_layers.1.bn.bias - torch.Size([128]): 
The value is the same before and after calling `init_weights` of RTMDet  

neck.top_down_blocks.0.main_conv.conv.weight - torch.Size([128, 512, 1, 1]): 
KaimingInit: a=2.23606797749979, mode=fan_in, nonlinearity=leaky_relu, distribution =uniform, bias=0 

neck.top_down_blocks.0.main_conv.bn.weight - torch.Size([128]): 
The value is the same before and after calling `init_weights` of RTMDet  

neck.top_down_blocks.0.main_conv.bn.bias - torch.Size([128]): 
The value is the same before and after calling `init_weights` of RTMDet  

neck.top_down_blocks.0.short_conv.conv.weight - torch.Size([128, 512, 1, 1]): 
KaimingInit: a=2.23606797749979, mode=fan_in, nonlinearity=leaky_relu, distribution =uniform, bias=0 

neck.top_down_blocks.0.short_conv.bn.weight - torch.Size([128]): 
The value is the same before and after calling `init_weights` of RTMDet  

neck.top_down_blocks.0.short_conv.bn.bias - torch.Size([128]): 
The value is the same before and after calling `init_weights` of RTMDet  

neck.top_down_blocks.0.final_conv.conv.weight - torch.Size([256, 256, 1, 1]): 
KaimingInit: a=2.23606797749979, mode=fan_in, nonlinearity=leaky_relu, distribution =uniform, bias=0 

neck.top_down_blocks.0.final_conv.bn.weight - torch.Size([256]): 
The value is the same before and after calling `init_weights` of RTMDet  

neck.top_down_blocks.0.final_conv.bn.bias - torch.Size([256]): 
The value is the same before and after calling `init_weights` of RTMDet  

neck.top_down_blocks.0.blocks.0.conv1.conv.weight - torch.Size([128, 128, 3, 3]): 
KaimingInit: a=2.23606797749979, mode=fan_in, nonlinearity=leaky_relu, distribution =uniform, bias=0 

neck.top_down_blocks.0.blocks.0.conv1.bn.weight - torch.Size([128]): 
The value is the same before and after calling `init_weights` of RTMDet  

neck.top_down_blocks.0.blocks.0.conv1.bn.bias - torch.Size([128]): 
The value is the same before and after calling `init_weights` of RTMDet  

neck.top_down_blocks.0.blocks.0.conv2.depthwise_conv.conv.weight - torch.Size([128, 1, 5, 5]): 
KaimingInit: a=2.23606797749979, mode=fan_in, nonlinearity=leaky_relu, distribution =uniform, bias=0 

neck.top_down_blocks.0.blocks.0.conv2.depthwise_conv.bn.weight - torch.Size([128]): 
The value is the same before and after calling `init_weights` of RTMDet  

neck.top_down_blocks.0.blocks.0.conv2.depthwise_conv.bn.bias - torch.Size([128]): 
The value is the same before and after calling `init_weights` of RTMDet  

neck.top_down_blocks.0.blocks.0.conv2.pointwise_conv.conv.weight - torch.Size([128, 128, 1, 1]): 
KaimingInit: a=2.23606797749979, mode=fan_in, nonlinearity=leaky_relu, distribution =uniform, bias=0 

neck.top_down_blocks.0.blocks.0.conv2.pointwise_conv.bn.weight - torch.Size([128]): 
The value is the same before and after calling `init_weights` of RTMDet  

neck.top_down_blocks.0.blocks.0.conv2.pointwise_conv.bn.bias - torch.Size([128]): 
The value is the same before and after calling `init_weights` of RTMDet  

neck.top_down_blocks.1.main_conv.conv.weight - torch.Size([64, 256, 1, 1]): 
KaimingInit: a=2.23606797749979, mode=fan_in, nonlinearity=leaky_relu, distribution =uniform, bias=0 

neck.top_down_blocks.1.main_conv.bn.weight - torch.Size([64]): 
The value is the same before and after calling `init_weights` of RTMDet  

neck.top_down_blocks.1.main_conv.bn.bias - torch.Size([64]): 
The value is the same before and after calling `init_weights` of RTMDet  

neck.top_down_blocks.1.short_conv.conv.weight - torch.Size([64, 256, 1, 1]): 
KaimingInit: a=2.23606797749979, mode=fan_in, nonlinearity=leaky_relu, distribution =uniform, bias=0 

neck.top_down_blocks.1.short_conv.bn.weight - torch.Size([64]): 
The value is the same before and after calling `init_weights` of RTMDet  

neck.top_down_blocks.1.short_conv.bn.bias - torch.Size([64]): 
The value is the same before and after calling `init_weights` of RTMDet  

neck.top_down_blocks.1.final_conv.conv.weight - torch.Size([128, 128, 1, 1]): 
KaimingInit: a=2.23606797749979, mode=fan_in, nonlinearity=leaky_relu, distribution =uniform, bias=0 

neck.top_down_blocks.1.final_conv.bn.weight - torch.Size([128]): 
The value is the same before and after calling `init_weights` of RTMDet  

neck.top_down_blocks.1.final_conv.bn.bias - torch.Size([128]): 
The value is the same before and after calling `init_weights` of RTMDet  

neck.top_down_blocks.1.blocks.0.conv1.conv.weight - torch.Size([64, 64, 3, 3]): 
KaimingInit: a=2.23606797749979, mode=fan_in, nonlinearity=leaky_relu, distribution =uniform, bias=0 

neck.top_down_blocks.1.blocks.0.conv1.bn.weight - torch.Size([64]): 
The value is the same before and after calling `init_weights` of RTMDet  

neck.top_down_blocks.1.blocks.0.conv1.bn.bias - torch.Size([64]): 
The value is the same before and after calling `init_weights` of RTMDet  

neck.top_down_blocks.1.blocks.0.conv2.depthwise_conv.conv.weight - torch.Size([64, 1, 5, 5]): 
KaimingInit: a=2.23606797749979, mode=fan_in, nonlinearity=leaky_relu, distribution =uniform, bias=0 

neck.top_down_blocks.1.blocks.0.conv2.depthwise_conv.bn.weight - torch.Size([64]): 
The value is the same before and after calling `init_weights` of RTMDet  

neck.top_down_blocks.1.blocks.0.conv2.depthwise_conv.bn.bias - torch.Size([64]): 
The value is the same before and after calling `init_weights` of RTMDet  

neck.top_down_blocks.1.blocks.0.conv2.pointwise_conv.conv.weight - torch.Size([64, 64, 1, 1]): 
KaimingInit: a=2.23606797749979, mode=fan_in, nonlinearity=leaky_relu, distribution =uniform, bias=0 

neck.top_down_blocks.1.blocks.0.conv2.pointwise_conv.bn.weight - torch.Size([64]): 
The value is the same before and after calling `init_weights` of RTMDet  

neck.top_down_blocks.1.blocks.0.conv2.pointwise_conv.bn.bias - torch.Size([64]): 
The value is the same before and after calling `init_weights` of RTMDet  

neck.downsamples.0.conv.weight - torch.Size([128, 128, 3, 3]): 
KaimingInit: a=2.23606797749979, mode=fan_in, nonlinearity=leaky_relu, distribution =uniform, bias=0 

neck.downsamples.0.bn.weight - torch.Size([128]): 
The value is the same before and after calling `init_weights` of RTMDet  

neck.downsamples.0.bn.bias - torch.Size([128]): 
The value is the same before and after calling `init_weights` of RTMDet  

neck.downsamples.1.conv.weight - torch.Size([256, 256, 3, 3]): 
KaimingInit: a=2.23606797749979, mode=fan_in, nonlinearity=leaky_relu, distribution =uniform, bias=0 

neck.downsamples.1.bn.weight - torch.Size([256]): 
The value is the same before and after calling `init_weights` of RTMDet  

neck.downsamples.1.bn.bias - torch.Size([256]): 
The value is the same before and after calling `init_weights` of RTMDet  

neck.bottom_up_blocks.0.main_conv.conv.weight - torch.Size([128, 256, 1, 1]): 
KaimingInit: a=2.23606797749979, mode=fan_in, nonlinearity=leaky_relu, distribution =uniform, bias=0 

neck.bottom_up_blocks.0.main_conv.bn.weight - torch.Size([128]): 
The value is the same before and after calling `init_weights` of RTMDet  

neck.bottom_up_blocks.0.main_conv.bn.bias - torch.Size([128]): 
The value is the same before and after calling `init_weights` of RTMDet  

neck.bottom_up_blocks.0.short_conv.conv.weight - torch.Size([128, 256, 1, 1]): 
KaimingInit: a=2.23606797749979, mode=fan_in, nonlinearity=leaky_relu, distribution =uniform, bias=0 

neck.bottom_up_blocks.0.short_conv.bn.weight - torch.Size([128]): 
The value is the same before and after calling `init_weights` of RTMDet  

neck.bottom_up_blocks.0.short_conv.bn.bias - torch.Size([128]): 
The value is the same before and after calling `init_weights` of RTMDet  

neck.bottom_up_blocks.0.final_conv.conv.weight - torch.Size([256, 256, 1, 1]): 
KaimingInit: a=2.23606797749979, mode=fan_in, nonlinearity=leaky_relu, distribution =uniform, bias=0 

neck.bottom_up_blocks.0.final_conv.bn.weight - torch.Size([256]): 
The value is the same before and after calling `init_weights` of RTMDet  

neck.bottom_up_blocks.0.final_conv.bn.bias - torch.Size([256]): 
The value is the same before and after calling `init_weights` of RTMDet  

neck.bottom_up_blocks.0.blocks.0.conv1.conv.weight - torch.Size([128, 128, 3, 3]): 
KaimingInit: a=2.23606797749979, mode=fan_in, nonlinearity=leaky_relu, distribution =uniform, bias=0 

neck.bottom_up_blocks.0.blocks.0.conv1.bn.weight - torch.Size([128]): 
The value is the same before and after calling `init_weights` of RTMDet  

neck.bottom_up_blocks.0.blocks.0.conv1.bn.bias - torch.Size([128]): 
The value is the same before and after calling `init_weights` of RTMDet  

neck.bottom_up_blocks.0.blocks.0.conv2.depthwise_conv.conv.weight - torch.Size([128, 1, 5, 5]): 
KaimingInit: a=2.23606797749979, mode=fan_in, nonlinearity=leaky_relu, distribution =uniform, bias=0 

neck.bottom_up_blocks.0.blocks.0.conv2.depthwise_conv.bn.weight - torch.Size([128]): 
The value is the same before and after calling `init_weights` of RTMDet  

neck.bottom_up_blocks.0.blocks.0.conv2.depthwise_conv.bn.bias - torch.Size([128]): 
The value is the same before and after calling `init_weights` of RTMDet  

neck.bottom_up_blocks.0.blocks.0.conv2.pointwise_conv.conv.weight - torch.Size([128, 128, 1, 1]): 
KaimingInit: a=2.23606797749979, mode=fan_in, nonlinearity=leaky_relu, distribution =uniform, bias=0 

neck.bottom_up_blocks.0.blocks.0.conv2.pointwise_conv.bn.weight - torch.Size([128]): 
The value is the same before and after calling `init_weights` of RTMDet  

neck.bottom_up_blocks.0.blocks.0.conv2.pointwise_conv.bn.bias - torch.Size([128]): 
The value is the same before and after calling `init_weights` of RTMDet  

neck.bottom_up_blocks.1.main_conv.conv.weight - torch.Size([256, 512, 1, 1]): 
KaimingInit: a=2.23606797749979, mode=fan_in, nonlinearity=leaky_relu, distribution =uniform, bias=0 

neck.bottom_up_blocks.1.main_conv.bn.weight - torch.Size([256]): 
The value is the same before and after calling `init_weights` of RTMDet  

neck.bottom_up_blocks.1.main_conv.bn.bias - torch.Size([256]): 
The value is the same before and after calling `init_weights` of RTMDet  

neck.bottom_up_blocks.1.short_conv.conv.weight - torch.Size([256, 512, 1, 1]): 
KaimingInit: a=2.23606797749979, mode=fan_in, nonlinearity=leaky_relu, distribution =uniform, bias=0 

neck.bottom_up_blocks.1.short_conv.bn.weight - torch.Size([256]): 
The value is the same before and after calling `init_weights` of RTMDet  

neck.bottom_up_blocks.1.short_conv.bn.bias - torch.Size([256]): 
The value is the same before and after calling `init_weights` of RTMDet  

neck.bottom_up_blocks.1.final_conv.conv.weight - torch.Size([512, 512, 1, 1]): 
KaimingInit: a=2.23606797749979, mode=fan_in, nonlinearity=leaky_relu, distribution =uniform, bias=0 

neck.bottom_up_blocks.1.final_conv.bn.weight - torch.Size([512]): 
The value is the same before and after calling `init_weights` of RTMDet  

neck.bottom_up_blocks.1.final_conv.bn.bias - torch.Size([512]): 
The value is the same before and after calling `init_weights` of RTMDet  

neck.bottom_up_blocks.1.blocks.0.conv1.conv.weight - torch.Size([256, 256, 3, 3]): 
KaimingInit: a=2.23606797749979, mode=fan_in, nonlinearity=leaky_relu, distribution =uniform, bias=0 

neck.bottom_up_blocks.1.blocks.0.conv1.bn.weight - torch.Size([256]): 
The value is the same before and after calling `init_weights` of RTMDet  

neck.bottom_up_blocks.1.blocks.0.conv1.bn.bias - torch.Size([256]): 
The value is the same before and after calling `init_weights` of RTMDet  

neck.bottom_up_blocks.1.blocks.0.conv2.depthwise_conv.conv.weight - torch.Size([256, 1, 5, 5]): 
KaimingInit: a=2.23606797749979, mode=fan_in, nonlinearity=leaky_relu, distribution =uniform, bias=0 

neck.bottom_up_blocks.1.blocks.0.conv2.depthwise_conv.bn.weight - torch.Size([256]): 
The value is the same before and after calling `init_weights` of RTMDet  

neck.bottom_up_blocks.1.blocks.0.conv2.depthwise_conv.bn.bias - torch.Size([256]): 
The value is the same before and after calling `init_weights` of RTMDet  

neck.bottom_up_blocks.1.blocks.0.conv2.pointwise_conv.conv.weight - torch.Size([256, 256, 1, 1]): 
KaimingInit: a=2.23606797749979, mode=fan_in, nonlinearity=leaky_relu, distribution =uniform, bias=0 

neck.bottom_up_blocks.1.blocks.0.conv2.pointwise_conv.bn.weight - torch.Size([256]): 
The value is the same before and after calling `init_weights` of RTMDet  

neck.bottom_up_blocks.1.blocks.0.conv2.pointwise_conv.bn.bias - torch.Size([256]): 
The value is the same before and after calling `init_weights` of RTMDet  

neck.out_convs.0.conv.weight - torch.Size([128, 128, 3, 3]): 
KaimingInit: a=2.23606797749979, mode=fan_in, nonlinearity=leaky_relu, distribution =uniform, bias=0 

neck.out_convs.0.bn.weight - torch.Size([128]): 
The value is the same before and after calling `init_weights` of RTMDet  

neck.out_convs.0.bn.bias - torch.Size([128]): 
The value is the same before and after calling `init_weights` of RTMDet  

neck.out_convs.1.conv.weight - torch.Size([128, 256, 3, 3]): 
KaimingInit: a=2.23606797749979, mode=fan_in, nonlinearity=leaky_relu, distribution =uniform, bias=0 

neck.out_convs.1.bn.weight - torch.Size([128]): 
The value is the same before and after calling `init_weights` of RTMDet  

neck.out_convs.1.bn.bias - torch.Size([128]): 
The value is the same before and after calling `init_weights` of RTMDet  

neck.out_convs.2.conv.weight - torch.Size([128, 512, 3, 3]): 
KaimingInit: a=2.23606797749979, mode=fan_in, nonlinearity=leaky_relu, distribution =uniform, bias=0 

neck.out_convs.2.bn.weight - torch.Size([128]): 
The value is the same before and after calling `init_weights` of RTMDet  

neck.out_convs.2.bn.bias - torch.Size([128]): 
The value is the same before and after calling `init_weights` of RTMDet  

bbox_head.cls_convs.0.0.conv.weight - torch.Size([128, 128, 3, 3]): 
Initialized by user-defined `init_weights` in RTMDetInsSepBNHead  

bbox_head.cls_convs.0.0.bn.weight - torch.Size([128]): 
The value is the same before and after calling `init_weights` of RTMDet  

bbox_head.cls_convs.0.0.bn.bias - torch.Size([128]): 
The value is the same before and after calling `init_weights` of RTMDet  

bbox_head.cls_convs.0.1.conv.weight - torch.Size([128, 128, 3, 3]): 
Initialized by user-defined `init_weights` in RTMDetInsSepBNHead  

bbox_head.cls_convs.0.1.bn.weight - torch.Size([128]): 
The value is the same before and after calling `init_weights` of RTMDet  

bbox_head.cls_convs.0.1.bn.bias - torch.Size([128]): 
The value is the same before and after calling `init_weights` of RTMDet  

bbox_head.cls_convs.1.0.bn.weight - torch.Size([128]): 
The value is the same before and after calling `init_weights` of RTMDet  

bbox_head.cls_convs.1.0.bn.bias - torch.Size([128]): 
The value is the same before and after calling `init_weights` of RTMDet  

bbox_head.cls_convs.1.1.bn.weight - torch.Size([128]): 
The value is the same before and after calling `init_weights` of RTMDet  

bbox_head.cls_convs.1.1.bn.bias - torch.Size([128]): 
The value is the same before and after calling `init_weights` of RTMDet  

bbox_head.cls_convs.2.0.bn.weight - torch.Size([128]): 
The value is the same before and after calling `init_weights` of RTMDet  

bbox_head.cls_convs.2.0.bn.bias - torch.Size([128]): 
The value is the same before and after calling `init_weights` of RTMDet  

bbox_head.cls_convs.2.1.bn.weight - torch.Size([128]): 
The value is the same before and after calling `init_weights` of RTMDet  

bbox_head.cls_convs.2.1.bn.bias - torch.Size([128]): 
The value is the same before and after calling `init_weights` of RTMDet  

bbox_head.kernel_convs.0.0.conv.weight - torch.Size([128, 128, 3, 3]): 
Initialized by user-defined `init_weights` in RTMDetInsSepBNHead  

bbox_head.kernel_convs.0.0.bn.weight - torch.Size([128]): 
The value is the same before and after calling `init_weights` of RTMDet  

bbox_head.kernel_convs.0.0.bn.bias - torch.Size([128]): 
The value is the same before and after calling `init_weights` of RTMDet  

bbox_head.kernel_convs.0.1.conv.weight - torch.Size([128, 128, 3, 3]): 
Initialized by user-defined `init_weights` in RTMDetInsSepBNHead  

bbox_head.kernel_convs.0.1.bn.weight - torch.Size([128]): 
The value is the same before and after calling `init_weights` of RTMDet  

bbox_head.kernel_convs.0.1.bn.bias - torch.Size([128]): 
The value is the same before and after calling `init_weights` of RTMDet  

bbox_head.kernel_convs.1.0.conv.weight - torch.Size([128, 128, 3, 3]): 
Initialized by user-defined `init_weights` in RTMDetInsSepBNHead  

bbox_head.kernel_convs.1.0.bn.weight - torch.Size([128]): 
The value is the same before and after calling `init_weights` of RTMDet  

bbox_head.kernel_convs.1.0.bn.bias - torch.Size([128]): 
The value is the same before and after calling `init_weights` of RTMDet  

bbox_head.kernel_convs.1.1.conv.weight - torch.Size([128, 128, 3, 3]): 
Initialized by user-defined `init_weights` in RTMDetInsSepBNHead  

bbox_head.kernel_convs.1.1.bn.weight - torch.Size([128]): 
The value is the same before and after calling `init_weights` of RTMDet  

bbox_head.kernel_convs.1.1.bn.bias - torch.Size([128]): 
The value is the same before and after calling `init_weights` of RTMDet  

bbox_head.kernel_convs.2.0.conv.weight - torch.Size([128, 128, 3, 3]): 
Initialized by user-defined `init_weights` in RTMDetInsSepBNHead  

bbox_head.kernel_convs.2.0.bn.weight - torch.Size([128]): 
The value is the same before and after calling `init_weights` of RTMDet  

bbox_head.kernel_convs.2.0.bn.bias - torch.Size([128]): 
The value is the same before and after calling `init_weights` of RTMDet  

bbox_head.kernel_convs.2.1.conv.weight - torch.Size([128, 128, 3, 3]): 
Initialized by user-defined `init_weights` in RTMDetInsSepBNHead  

bbox_head.kernel_convs.2.1.bn.weight - torch.Size([128]): 
The value is the same before and after calling `init_weights` of RTMDet  

bbox_head.kernel_convs.2.1.bn.bias - torch.Size([128]): 
The value is the same before and after calling `init_weights` of RTMDet  

bbox_head.rtm_cls.0.weight - torch.Size([6, 128, 1, 1]): 
Initialized by user-defined `init_weights` in RTMDetInsSepBNHead  

bbox_head.rtm_cls.0.bias - torch.Size([6]): 
Initialized by user-defined `init_weights` in RTMDetInsSepBNHead  

bbox_head.rtm_cls.1.weight - torch.Size([6, 128, 1, 1]): 
Initialized by user-defined `init_weights` in RTMDetInsSepBNHead  

bbox_head.rtm_cls.1.bias - torch.Size([6]): 
Initialized by user-defined `init_weights` in RTMDetInsSepBNHead  

bbox_head.rtm_cls.2.weight - torch.Size([6, 128, 1, 1]): 
Initialized by user-defined `init_weights` in RTMDetInsSepBNHead  

bbox_head.rtm_cls.2.bias - torch.Size([6]): 
Initialized by user-defined `init_weights` in RTMDetInsSepBNHead  

bbox_head.rtm_reg.0.weight - torch.Size([4, 128, 1, 1]): 
Initialized by user-defined `init_weights` in RTMDetInsSepBNHead  

bbox_head.rtm_reg.0.bias - torch.Size([4]): 
Initialized by user-defined `init_weights` in RTMDetInsSepBNHead  

bbox_head.rtm_reg.1.weight - torch.Size([4, 128, 1, 1]): 
Initialized by user-defined `init_weights` in RTMDetInsSepBNHead  

bbox_head.rtm_reg.1.bias - torch.Size([4]): 
Initialized by user-defined `init_weights` in RTMDetInsSepBNHead  

bbox_head.rtm_reg.2.weight - torch.Size([4, 128, 1, 1]): 
Initialized by user-defined `init_weights` in RTMDetInsSepBNHead  

bbox_head.rtm_reg.2.bias - torch.Size([4]): 
Initialized by user-defined `init_weights` in RTMDetInsSepBNHead  

bbox_head.rtm_kernel.0.weight - torch.Size([169, 128, 1, 1]): 
Initialized by user-defined `init_weights` in RTMDetInsSepBNHead  

bbox_head.rtm_kernel.0.bias - torch.Size([169]): 
Initialized by user-defined `init_weights` in RTMDetInsSepBNHead  

bbox_head.rtm_kernel.1.weight - torch.Size([169, 128, 1, 1]): 
Initialized by user-defined `init_weights` in RTMDetInsSepBNHead  

bbox_head.rtm_kernel.1.bias - torch.Size([169]): 
Initialized by user-defined `init_weights` in RTMDetInsSepBNHead  

bbox_head.rtm_kernel.2.weight - torch.Size([169, 128, 1, 1]): 
Initialized by user-defined `init_weights` in RTMDetInsSepBNHead  

bbox_head.rtm_kernel.2.bias - torch.Size([169]): 
Initialized by user-defined `init_weights` in RTMDetInsSepBNHead  

bbox_head.mask_head.fusion_conv.weight - torch.Size([128, 384, 1, 1]): 
Initialized by user-defined `init_weights` in RTMDetInsSepBNHead  

bbox_head.mask_head.fusion_conv.bias - torch.Size([128]): 
Initialized by user-defined `init_weights` in RTMDetInsSepBNHead  

bbox_head.mask_head.stacked_convs.0.conv.weight - torch.Size([128, 128, 3, 3]): 
Initialized by user-defined `init_weights` in RTMDetInsSepBNHead  

bbox_head.mask_head.stacked_convs.0.bn.weight - torch.Size([128]): 
The value is the same before and after calling `init_weights` of RTMDet  

bbox_head.mask_head.stacked_convs.0.bn.bias - torch.Size([128]): 
The value is the same before and after calling `init_weights` of RTMDet  

bbox_head.mask_head.stacked_convs.1.conv.weight - torch.Size([128, 128, 3, 3]): 
Initialized by user-defined `init_weights` in RTMDetInsSepBNHead  

bbox_head.mask_head.stacked_convs.1.bn.weight - torch.Size([128]): 
The value is the same before and after calling `init_weights` of RTMDet  

bbox_head.mask_head.stacked_convs.1.bn.bias - torch.Size([128]): 
The value is the same before and after calling `init_weights` of RTMDet  

bbox_head.mask_head.stacked_convs.2.conv.weight - torch.Size([128, 128, 3, 3]): 
Initialized by user-defined `init_weights` in RTMDetInsSepBNHead  

bbox_head.mask_head.stacked_convs.2.bn.weight - torch.Size([128]): 
The value is the same before and after calling `init_weights` of RTMDet  

bbox_head.mask_head.stacked_convs.2.bn.bias - torch.Size([128]): 
The value is the same before and after calling `init_weights` of RTMDet  

bbox_head.mask_head.stacked_convs.3.conv.weight - torch.Size([128, 128, 3, 3]): 
Initialized by user-defined `init_weights` in RTMDetInsSepBNHead  

bbox_head.mask_head.stacked_convs.3.bn.weight - torch.Size([128]): 
The value is the same before and after calling `init_weights` of RTMDet  

bbox_head.mask_head.stacked_convs.3.bn.bias - torch.Size([128]): 
The value is the same before and after calling `init_weights` of RTMDet  

bbox_head.mask_head.projection.weight - torch.Size([8, 128, 1, 1]): 
Initialized by user-defined `init_weights` in RTMDetInsSepBNHead  

bbox_head.mask_head.projection.bias - torch.Size([8]): 
Initialized by user-defined `init_weights` in RTMDetInsSepBNHead  
2026/09/17 18:29:09 - mmengine - WARNING - "FileClient" will be deprecated in future. Please use io functions in https://mmengine.readthedocs.io/en/latest/api/fileio.html#file-io
2026/09/17 18:29:09 - mmengine - WARNING - "HardDiskBackend" is the alias of "LocalBackend" and the former will be deprecated in future.
2026/09/17 18:29:09 - mmengine - INFO - Checkpoints will be saved to E:\MMDetection_2\work_dirs\packdet_rtmdet_ins_cpu.
2026/09/17 18:30:56 - mmengine - INFO - Epoch(train)  [1][ 50/722]  base_lr: 5.0000e-04 lr: 5.0000e-04  eta: 10:45:11  time: 2.1506  data_time: 0.0127  grad_norm: 17.5212  loss: 3.2354  loss_cls: 0.7160  loss_bbox: 1.2380  loss_mask: 1.2814
2026/09/17 18:32:50 - mmengine - INFO - Epoch(train)  [1][100/722]  base_lr: 5.0000e-04 lr: 5.0000e-04  eta: 11:03:39  time: 2.2861  data_time: 0.0119  grad_norm: 10.9740  loss: 2.8679  loss_cls: 0.8383  loss_bbox: 1.0892  loss_mask: 0.9404
2026/09/17 18:34:44 - mmengine - INFO - Epoch(train)  [1][150/722]  base_lr: 5.0000e-04 lr: 5.0000e-04  eta: 11:07:46  time: 2.2783  data_time: 0.0101  grad_norm: 10.6462  loss: 2.5518  loss_cls: 0.6895  loss_bbox: 1.0744  loss_mask: 0.7879
2026/09/17 18:36:33 - mmengine - INFO - Epoch(train)  [1][200/722]  base_lr: 5.0000e-04 lr: 5.0000e-04  eta: 11:00:53  time: 2.1710  data_time: 0.0142  grad_norm: 9.8692  loss: 2.4142  loss_cls: 0.7423  loss_bbox: 0.9740  loss_mask: 0.6978
2026/09/17 18:38:23 - mmengine - INFO - Epoch(train)  [1][250/722]  base_lr: 5.0000e-04 lr: 5.0000e-04  eta: 10:58:10  time: 2.2069  data_time: 0.0116  grad_norm: 9.3057  loss: 2.3420  loss_cls: 0.6857  loss_bbox: 0.9648  loss_mask: 0.6914
2026/09/17 18:40:15 - mmengine - INFO - Epoch(train)  [1][300/722]  base_lr: 5.0000e-04 lr: 5.0000e-04  eta: 10:57:04  time: 2.2335  data_time: 0.0131  grad_norm: 8.2461  loss: 2.2082  loss_cls: 0.6783  loss_bbox: 0.9584  loss_mask: 0.5715
2026/09/17 18:42:09 - mmengine - INFO - Epoch(train)  [1][350/722]  base_lr: 5.0000e-04 lr: 5.0000e-04  eta: 10:58:04  time: 2.2888  data_time: 0.0138  grad_norm: 7.0986  loss: 2.2641  loss_cls: 0.8053  loss_bbox: 0.9127  loss_mask: 0.5461
2026/09/17 18:44:00 - mmengine - INFO - Epoch(train)  [1][400/722]  base_lr: 5.0000e-04 lr: 5.0000e-04  eta: 10:55:26  time: 2.2099  data_time: 0.0245  grad_norm: 8.6379  loss: 2.1586  loss_cls: 0.7969  loss_bbox: 0.8628  loss_mask: 0.4989
2026/09/17 18:45:53 - mmengine - INFO - Epoch(train)  [1][450/722]  base_lr: 5.0000e-04 lr: 5.0000e-04  eta: 10:54:43  time: 2.2628  data_time: 0.0248  grad_norm: 7.2389  loss: 2.0484  loss_cls: 0.7131  loss_bbox: 0.8756  loss_mask: 0.4598
2026/09/17 18:47:47 - mmengine - INFO - Epoch(train)  [1][500/722]  base_lr: 5.0000e-04 lr: 5.0000e-04  eta: 10:54:09  time: 2.2764  data_time: 0.0266  grad_norm: 7.1328  loss: 2.0659  loss_cls: 0.7618  loss_bbox: 0.8553  loss_mask: 0.4488
2026/09/17 18:49:42 - mmengine - INFO - Epoch(train)  [1][550/722]  base_lr: 5.0000e-04 lr: 5.0000e-04  eta: 10:53:50  time: 2.2948  data_time: 0.0251  grad_norm: 8.7948  loss: 2.0186  loss_cls: 0.8384  loss_bbox: 0.7893  loss_mask: 0.3909
2026/09/17 18:51:43 - mmengine - INFO - Epoch(train)  [1][600/722]  base_lr: 5.0000e-04 lr: 5.0000e-04  eta: 10:56:21  time: 2.4224  data_time: 0.0221  grad_norm: 6.5364  loss: 2.0672  loss_cls: 0.8377  loss_bbox: 0.7963  loss_mask: 0.4332
2026/09/17 18:53:34 - mmengine - INFO - Epoch(train)  [1][650/722]  base_lr: 5.0000e-04 lr: 5.0000e-04  eta: 10:53:54  time: 2.2316  data_time: 0.0256  grad_norm: 7.5957  loss: 1.9407  loss_cls: 0.8020  loss_bbox: 0.7569  loss_mask: 0.3819
2026/09/17 18:55:31 - mmengine - INFO - Epoch(train)  [1][700/722]  base_lr: 5.0000e-04 lr: 5.0000e-04  eta: 10:53:46  time: 2.3393  data_time: 0.0288  grad_norm: 7.4346  loss: 1.9218  loss_cls: 0.8322  loss_bbox: 0.7474  loss_mask: 0.3422
2026/09/17 18:56:23 - mmengine - INFO - Exp name: packdet_rtmdet_ins_20260917_182905
2026/09/17 18:56:23 - mmengine - INFO - Saving checkpoint at 1 epochs
2026/09/17 18:58:21 - mmengine - INFO - Epoch(train)  [2][ 50/722]  base_lr: 4.9803e-04 lr: 4.9803e-04  eta: 10:53:01  time: 2.3237  data_time: 0.0132  grad_norm: 7.6646  loss: 2.0288  loss_cls: 0.9023  loss_bbox: 0.7502  loss_mask: 0.3763
2026/09/17 19:00:19 - mmengine - INFO - Epoch(train)  [2][100/722]  base_lr: 4.9803e-04 lr: 4.9803e-04  eta: 10:52:35  time: 2.3514  data_time: 0.0147  grad_norm: 7.0428  loss: 1.7767  loss_cls: 0.7881  loss_bbox: 0.6870  loss_mask: 0.3016
2026/09/17 19:02:19 - mmengine - INFO - Epoch(train)  [2][150/722]  base_lr: 4.9803e-04 lr: 4.9803e-04  eta: 10:52:45  time: 2.3980  data_time: 0.0155  grad_norm: 7.1001  loss: 1.7526  loss_cls: 0.8181  loss_bbox: 0.6722  loss_mask: 0.2622
2026/09/17 19:04:14 - mmengine - INFO - Epoch(train)  [2][200/722]  base_lr: 4.9803e-04 lr: 4.9803e-04  eta: 10:51:23  time: 2.3144  data_time: 0.0121  grad_norm: 7.6801  loss: 1.8643  loss_cls: 0.8109  loss_bbox: 0.7256  loss_mask: 0.3278
2026/09/17 19:06:14 - mmengine - INFO - Epoch(train)  [2][250/722]  base_lr: 4.9803e-04 lr: 4.9803e-04  eta: 10:51:00  time: 2.3853  data_time: 0.0128  grad_norm: 6.7945  loss: 1.8388  loss_cls: 0.7871  loss_bbox: 0.7211  loss_mask: 0.3306
2026/09/17 19:07:17 - mmengine - INFO - Exp name: packdet_rtmdet_ins_20260917_182905
2026/09/17 19:08:05 - mmengine - INFO - Epoch(train)  [2][300/722]  base_lr: 4.9803e-04 lr: 4.9803e-04  eta: 10:48:24  time: 2.2369  data_time: 0.0117  grad_norm: 7.1316  loss: 1.8115  loss_cls: 0.7514  loss_bbox: 0.7331  loss_mask: 0.3269
2026/09/17 19:10:00 - mmengine - INFO - Epoch(train)  [2][350/722]  base_lr: 4.9803e-04 lr: 4.9803e-04  eta: 10:46:39  time: 2.2973  data_time: 0.0156  grad_norm: 6.9363  loss: 1.6913  loss_cls: 0.7573  loss_bbox: 0.6704  loss_mask: 0.2637
2026/09/17 19:11:58 - mmengine - INFO - Epoch(train)  [2][400/722]  base_lr: 4.9803e-04 lr: 4.9803e-04  eta: 10:45:45  time: 2.3646  data_time: 0.0115  grad_norm: 7.4220  loss: 1.7356  loss_cls: 0.8238  loss_bbox: 0.6516  loss_mask: 0.2602
2026/09/17 19:13:52 - mmengine - INFO - Epoch(train)  [2][450/722]  base_lr: 4.9803e-04 lr: 4.9803e-04  eta: 10:43:41  time: 2.2756  data_time: 0.0103  grad_norm: 7.1230  loss: 1.7674  loss_cls: 0.7502  loss_bbox: 0.7078  loss_mask: 0.3094
2026/09/17 19:15:46 - mmengine - INFO - Epoch(train)  [2][500/722]  base_lr: 4.9803e-04 lr: 4.9803e-04  eta: 10:41:38  time: 2.2761  data_time: 0.0102  grad_norm: 7.2372  loss: 1.7630  loss_cls: 0.7375  loss_bbox: 0.7036  loss_mask: 0.3219
2026/09/17 19:17:39 - mmengine - INFO - Epoch(train)  [2][550/722]  base_lr: 4.9803e-04 lr: 4.9803e-04  eta: 10:39:24  time: 2.2585  data_time: 0.0119  grad_norm: 6.5197  loss: 1.7292  loss_cls: 0.7740  loss_bbox: 0.6933  loss_mask: 0.2619
2026/09/17 19:19:36 - mmengine - INFO - Epoch(train)  [2][600/722]  base_lr: 4.9803e-04 lr: 4.9803e-04  eta: 10:38:08  time: 2.3469  data_time: 0.0127  grad_norm: 6.4281  loss: 1.7042  loss_cls: 0.7854  loss_bbox: 0.6373  loss_mask: 0.2815
2026/09/17 19:21:29 - mmengine - INFO - Epoch(train)  [2][650/722]  base_lr: 4.9803e-04 lr: 4.9803e-04  eta: 10:35:47  time: 2.2445  data_time: 0.0094  grad_norm: 7.5691  loss: 1.6927  loss_cls: 0.7961  loss_bbox: 0.6410  loss_mask: 0.2556
2026/09/17 19:23:26 - mmengine - INFO - Epoch(train)  [2][700/722]  base_lr: 4.9803e-04 lr: 4.9803e-04  eta: 10:34:30  time: 2.3523  data_time: 0.0171  grad_norm: 7.1217  loss: 1.9111  loss_cls: 0.8690  loss_bbox: 0.6990  loss_mask: 0.3431
2026/09/17 19:24:15 - mmengine - INFO - Exp name: packdet_rtmdet_ins_20260917_182905
2026/09/17 19:24:15 - mmengine - INFO - Saving checkpoint at 2 epochs
2026/09/17 19:26:18 - mmengine - INFO - Epoch(train)  [3][ 50/722]  base_lr: 4.9215e-04 lr: 4.9215e-04  eta: 10:32:39  time: 2.4120  data_time: 0.0131  grad_norm: 6.3321  loss: 1.5773  loss_cls: 0.7542  loss_bbox: 0.5888  loss_mask: 0.2344
2026/09/17 19:28:13 - mmengine - INFO - Epoch(train)  [3][100/722]  base_lr: 4.9215e-04 lr: 4.9215e-04  eta: 10:30:53  time: 2.3080  data_time: 0.0109  grad_norm: 7.3329  loss: 1.6850  loss_cls: 0.7874  loss_bbox: 0.6279  loss_mask: 0.2696
2026/09/17 19:30:09 - mmengine - INFO - Epoch(train)  [3][150/722]  base_lr: 4.9215e-04 lr: 4.9215e-04  eta: 10:29:15  time: 2.3253  data_time: 0.0123  grad_norm: 7.5197  loss: 1.6953  loss_cls: 0.7886  loss_bbox: 0.6545  loss_mask: 0.2523
2026/09/17 19:32:10 - mmengine - INFO - Epoch(train)  [3][200/722]  base_lr: 4.9215e-04 lr: 4.9215e-04  eta: 10:28:18  time: 2.4108  data_time: 0.0193  grad_norm: 6.4688  loss: 1.7775  loss_cls: 0.8298  loss_bbox: 0.6669  loss_mask: 0.2807
2026/09/17 19:34:06 - mmengine - INFO - Epoch(train)  [3][250/722]  base_lr: 4.9215e-04 lr: 4.9215e-04  eta: 10:26:37  time: 2.3268  data_time: 0.0113  grad_norm: 6.5130  loss: 1.4609  loss_cls: 0.7163  loss_bbox: 0.5639  loss_mask: 0.1807
2026/09/17 19:36:00 - mmengine - INFO - Epoch(train)  [3][300/722]  base_lr: 4.9215e-04 lr: 4.9215e-04  eta: 10:24:37  time: 2.2875  data_time: 0.0121  grad_norm: 6.7166  loss: 1.5143  loss_cls: 0.7081  loss_bbox: 0.5946  loss_mask: 0.2116
2026/09/17 19:38:01 - mmengine - INFO - Epoch(train)  [3][350/722]  base_lr: 4.9215e-04 lr: 4.9215e-04  eta: 10:23:34  time: 2.4134  data_time: 0.0118  grad_norm: 6.5131  loss: 1.6015  loss_cls: 0.7395  loss_bbox: 0.6127  loss_mask: 0.2494
2026/09/17 19:40:01 - mmengine - INFO - Epoch(train)  [3][400/722]  base_lr: 4.9215e-04 lr: 4.9215e-04  eta: 10:22:18  time: 2.3904  data_time: 0.0128  grad_norm: 6.9762  loss: 1.4734  loss_cls: 0.6792  loss_bbox: 0.5646  loss_mask: 0.2296
2026/09/17 19:41:54 - mmengine - INFO - Epoch(train)  [3][450/722]  base_lr: 4.9215e-04 lr: 4.9215e-04  eta: 10:20:10  time: 2.2736  data_time: 0.0143  grad_norm: 6.3347  loss: 1.4514  loss_cls: 0.7047  loss_bbox: 0.5470  loss_mask: 0.1997
2026/09/17 19:43:54 - mmengine - INFO - Epoch(train)  [3][500/722]  base_lr: 4.9215e-04 lr: 4.9215e-04  eta: 10:18:54  time: 2.3984  data_time: 0.0120  grad_norm: 6.6008  loss: 1.5549  loss_cls: 0.7138  loss_bbox: 0.6035  loss_mask: 0.2375
2026/09/17 19:45:53 - mmengine - INFO - Epoch(train)  [3][550/722]  base_lr: 4.9215e-04 lr: 4.9215e-04  eta: 10:17:24  time: 2.3678  data_time: 0.0119  grad_norm: 6.2109  loss: 1.6218  loss_cls: 0.7571  loss_bbox: 0.5977  loss_mask: 0.2670
2026/09/17 19:46:06 - mmengine - INFO - Exp name: packdet_rtmdet_ins_20260917_182905
2026/09/17 19:47:50 - mmengine - INFO - Epoch(train)  [3][600/722]  base_lr: 4.9215e-04 lr: 4.9215e-04  eta: 10:15:46  time: 2.3509  data_time: 0.0125  grad_norm: 6.3680  loss: 1.4581  loss_cls: 0.7028  loss_bbox: 0.5316  loss_mask: 0.2237
2026/09/17 19:49:45 - mmengine - INFO - Epoch(train)  [3][650/722]  base_lr: 4.9215e-04 lr: 4.9215e-04  eta: 10:13:43  time: 2.2882  data_time: 0.0115  grad_norm: 6.3285  loss: 1.5888  loss_cls: 0.7473  loss_bbox: 0.5907  loss_mask: 0.2508
2026/09/17 19:51:40 - mmengine - INFO - Epoch(train)  [3][700/722]  base_lr: 4.9215e-04 lr: 4.9215e-04  eta: 10:11:47  time: 2.3056  data_time: 0.0148  grad_norm: 6.2194  loss: 1.4673  loss_cls: 0.7008  loss_bbox: 0.5576  loss_mask: 0.2088
2026/09/17 19:52:30 - mmengine - INFO - Exp name: packdet_rtmdet_ins_20260917_182905
2026/09/17 19:52:30 - mmengine - INFO - Saving checkpoint at 3 epochs
2026/09/17 19:54:34 - mmengine - INFO - Epoch(train)  [4][ 50/722]  base_lr: 4.8244e-04 lr: 4.8244e-04  eta: 10:09:43  time: 2.4372  data_time: 0.0099  grad_norm: 6.2844  loss: 1.3588  loss_cls: 0.6776  loss_bbox: 0.4908  loss_mask: 0.1904
2026/09/17 19:56:27 - mmengine - INFO - Epoch(train)  [4][100/722]  base_lr: 4.8244e-04 lr: 4.8244e-04  eta: 10:07:30  time: 2.2615  data_time: 0.0132  grad_norm: 6.7930  loss: 1.4500  loss_cls: 0.7124  loss_bbox: 0.5113  loss_mask: 0.2264
2026/09/17 19:58:23 - mmengine - INFO - Epoch(train)  [4][150/722]  base_lr: 4.8244e-04 lr: 4.8244e-04  eta: 10:05:41  time: 2.3280  data_time: 0.0102  grad_norm: 6.3139  loss: 1.4129  loss_cls: 0.6621  loss_bbox: 0.5584  loss_mask: 0.1925
2026/09/17 20:00:21 - mmengine - INFO - Epoch(train)  [4][200/722]  base_lr: 4.8244e-04 lr: 4.8244e-04  eta: 10:04:04  time: 2.3661  data_time: 0.0101  grad_norm: 6.3981  loss: 1.3989  loss_cls: 0.6878  loss_bbox: 0.5268  loss_mask: 0.1843
2026/09/17 20:02:18 - mmengine - INFO - Epoch(train)  [4][250/722]  base_lr: 4.8244e-04 lr: 4.8244e-04  eta: 10:02:14  time: 2.3267  data_time: 0.0136  grad_norm: 7.0418  loss: 1.5065  loss_cls: 0.7261  loss_bbox: 0.5435  loss_mask: 0.2370
2026/09/17 20:04:23 - mmengine - INFO - Epoch(train)  [4][300/722]  base_lr: 4.8244e-04 lr: 4.8244e-04  eta: 10:01:21  time: 2.5113  data_time: 0.0098  grad_norm: 6.6519  loss: 1.3906  loss_cls: 0.7045  loss_bbox: 0.5119  loss_mask: 0.1741
2026/09/17 20:06:20 - mmengine - INFO - Epoch(train)  [4][350/722]  base_lr: 4.8244e-04 lr: 4.8244e-04  eta: 9:59:33  time: 2.3393  data_time: 0.0123  grad_norm: 6.0083  loss: 1.3403  loss_cls: 0.6522  loss_bbox: 0.5158  loss_mask: 0.1724
2026/09/17 20:08:19 - mmengine - INFO - Epoch(train)  [4][400/722]  base_lr: 4.8244e-04 lr: 4.8244e-04  eta: 9:57:57  time: 2.3809  data_time: 0.0117  grad_norm: 5.9592  loss: 1.2648  loss_cls: 0.6691  loss_bbox: 0.4579  loss_mask: 0.1378
2026/09/17 20:10:22 - mmengine - INFO - Epoch(train)  [4][450/722]  base_lr: 4.8244e-04 lr: 4.8244e-04  eta: 9:56:39  time: 2.4472  data_time: 0.0131  grad_norm: 7.0819  loss: 1.3596  loss_cls: 0.6855  loss_bbox: 0.4924  loss_mask: 0.1817
2026/09/17 20:12:21 - mmengine - INFO - Epoch(train)  [4][500/722]  base_lr: 4.8244e-04 lr: 4.8244e-04  eta: 9:55:02  time: 2.3825  data_time: 0.0167  grad_norm: 6.0342  loss: 1.3433  loss_cls: 0.6898  loss_bbox: 0.4832  loss_mask: 0.1703
2026/09/17 20:14:19 - mmengine - INFO - Epoch(train)  [4][550/722]  base_lr: 4.8244e-04 lr: 4.8244e-04  eta: 9:53:19  time: 2.3695  data_time: 0.0144  grad_norm: 6.4296  loss: 1.3707  loss_cls: 0.7146  loss_bbox: 0.4918  loss_mask: 0.1643
2026/09/17 20:16:17 - mmengine - INFO - Epoch(train)  [4][600/722]  base_lr: 4.8244e-04 lr: 4.8244e-04  eta: 9:51:32  time: 2.3515  data_time: 0.0143  grad_norm: 7.0235  loss: 1.5007  loss_cls: 0.7099  loss_bbox: 0.5535  loss_mask: 0.2373
2026/09/17 20:18:15 - mmengine - INFO - Epoch(train)  [4][650/722]  base_lr: 4.8244e-04 lr: 4.8244e-04  eta: 9:49:47  time: 2.3661  data_time: 0.0161  grad_norm: 6.1764  loss: 1.3910  loss_cls: 0.6794  loss_bbox: 0.5114  loss_mask: 0.2002
2026/09/17 20:20:10 - mmengine - INFO - Epoch(train)  [4][700/722]  base_lr: 4.8244e-04 lr: 4.8244e-04  eta: 9:47:42  time: 2.2887  data_time: 0.0134  grad_norm: 6.6934  loss: 1.3894  loss_cls: 0.6759  loss_bbox: 0.5182  loss_mask: 0.1953
2026/09/17 20:21:03 - mmengine - INFO - Exp name: packdet_rtmdet_ins_20260917_182905
2026/09/17 20:21:03 - mmengine - INFO - Saving checkpoint at 4 epochs
2026/09/17 20:23:06 - mmengine - INFO - Epoch(train)  [5][ 50/722]  base_lr: 4.6908e-04 lr: 4.6908e-04  eta: 9:45:35  time: 2.4322  data_time: 0.0124  grad_norm: 5.7666  loss: 1.2992  loss_cls: 0.6410  loss_bbox: 0.5004  loss_mask: 0.1577
2026/09/17 20:25:05 - mmengine - INFO - Epoch(train)  [5][100/722]  base_lr: 4.6908e-04 lr: 4.6908e-04  eta: 9:43:52  time: 2.3770  data_time: 0.0118  grad_norm: 6.2040  loss: 1.3230  loss_cls: 0.6465  loss_bbox: 0.4785  loss_mask: 0.1980
2026/09/17 20:25:34 - mmengine - INFO - Exp name: packdet_rtmdet_ins_20260917_182905
2026/09/17 20:26:59 - mmengine - INFO - Epoch(train)  [5][150/722]  base_lr: 4.6908e-04 lr: 4.6908e-04  eta: 9:41:42  time: 2.2710  data_time: 0.0137  grad_norm: 6.2295  loss: 1.2673  loss_cls: 0.6426  loss_bbox: 0.4869  loss_mask: 0.1378
2026/09/17 20:28:58 - mmengine - INFO - Epoch(train)  [5][200/722]  base_lr: 4.6908e-04 lr: 4.6908e-04  eta: 9:40:00  time: 2.3850  data_time: 0.0091  grad_norm: 5.9947  loss: 1.2894  loss_cls: 0.6576  loss_bbox: 0.4570  loss_mask: 0.1747
2026/09/17 20:30:59 - mmengine - INFO - Epoch(train)  [5][250/722]  base_lr: 4.6908e-04 lr: 4.6908e-04  eta: 9:38:25  time: 2.4155  data_time: 0.0128  grad_norm: 6.5836  loss: 1.3343  loss_cls: 0.6800  loss_bbox: 0.4652  loss_mask: 0.1891
2026/09/17 20:32:56 - mmengine - INFO - Epoch(train)  [5][300/722]  base_lr: 4.6908e-04 lr: 4.6908e-04  eta: 9:36:34  time: 2.3497  data_time: 0.0108  grad_norm: 5.9358  loss: 1.2879  loss_cls: 0.6547  loss_bbox: 0.4564  loss_mask: 0.1768
2026/09/17 20:34:55 - mmengine - INFO - Epoch(train)  [5][350/722]  base_lr: 4.6908e-04 lr: 4.6908e-04  eta: 9:34:47  time: 2.3705  data_time: 0.0154  grad_norm: 6.3082  loss: 1.2513  loss_cls: 0.6328  loss_bbox: 0.4584  loss_mask: 0.1601
2026/09/17 20:36:54 - mmengine - INFO - Epoch(train)  [5][400/722]  base_lr: 4.6908e-04 lr: 4.6908e-04  eta: 9:33:05  time: 2.3921  data_time: 0.0181  grad_norm: 6.1873  loss: 1.3237  loss_cls: 0.6727  loss_bbox: 0.4741  loss_mask: 0.1770
2026/09/17 20:38:52 - mmengine - INFO - Epoch(train)  [5][450/722]  base_lr: 4.6908e-04 lr: 4.6908e-04  eta: 9:31:14  time: 2.3521  data_time: 0.0109  grad_norm: 6.4153  loss: 1.2608  loss_cls: 0.6577  loss_bbox: 0.4398  loss_mask: 0.1633
2026/09/17 20:40:55 - mmengine - INFO - Epoch(train)  [5][500/722]  base_lr: 4.6908e-04 lr: 4.6908e-04  eta: 9:29:44  time: 2.4544  data_time: 0.0146  grad_norm: 5.7980  loss: 1.2133  loss_cls: 0.6278  loss_bbox: 0.4345  loss_mask: 0.1510
2026/09/17 20:42:51 - mmengine - INFO - Epoch(train)  [5][550/722]  base_lr: 4.6908e-04 lr: 4.6908e-04  eta: 9:27:49  time: 2.3361  data_time: 0.0133  grad_norm: 6.5196  loss: 1.2979  loss_cls: 0.6748  loss_bbox: 0.4620  loss_mask: 0.1611
2026/09/17 20:44:57 - mmengine - INFO - Epoch(train)  [5][600/722]  base_lr: 4.6908e-04 lr: 4.6908e-04  eta: 9:26:31  time: 2.5184  data_time: 0.0122  grad_norm: 5.4812  loss: 1.2405  loss_cls: 0.6279  loss_bbox: 0.4438  loss_mask: 0.1688
2026/09/17 20:47:00 - mmengine - INFO - Epoch(train)  [5][650/722]  base_lr: 4.6908e-04 lr: 4.6908e-04  eta: 9:24:58  time: 2.4486  data_time: 0.0099  grad_norm: 6.7433  loss: 1.2620  loss_cls: 0.6439  loss_bbox: 0.4423  loss_mask: 0.1759
2026/09/17 20:48:54 - mmengine - INFO - Epoch(train)  [5][700/722]  base_lr: 4.6908e-04 lr: 4.6908e-04  eta: 9:22:50  time: 2.2803  data_time: 0.0117  grad_norm: 6.4572  loss: 1.2638  loss_cls: 0.6315  loss_bbox: 0.4624  loss_mask: 0.1699
2026/09/17 20:49:48 - mmengine - INFO - Exp name: packdet_rtmdet_ins_20260917_182905
2026/09/17 20:49:48 - mmengine - INFO - Saving checkpoint at 5 epochs
2026/09/17 20:51:51 - mmengine - INFO - Epoch(train)  [6][ 50/722]  base_lr: 4.5225e-04 lr: 4.5225e-04  eta: 9:20:30  time: 2.4160  data_time: 0.0110  grad_norm: 5.8328  loss: 1.1277  loss_cls: 0.6151  loss_bbox: 0.3942  loss_mask: 0.1183
2026/09/17 20:53:54 - mmengine - INFO - Epoch(train)  [6][100/722]  base_lr: 4.5225e-04 lr: 4.5225e-04  eta: 9:18:58  time: 2.4636  data_time: 0.0141  grad_norm: 5.8188  loss: 1.1190  loss_cls: 0.5908  loss_bbox: 0.3923  loss_mask: 0.1360
2026/09/17 20:55:53 - mmengine - INFO - Epoch(train)  [6][150/722]  base_lr: 4.5225e-04 lr: 4.5225e-04  eta: 9:17:08  time: 2.3757  data_time: 0.0123  grad_norm: 6.2305  loss: 1.1903  loss_cls: 0.6178  loss_bbox: 0.4270  loss_mask: 0.1454
2026/09/17 20:57:53 - mmengine - INFO - Epoch(train)  [6][200/722]  base_lr: 4.5225e-04 lr: 4.5225e-04  eta: 9:15:21  time: 2.3942  data_time: 0.0093  grad_norm: 6.2911  loss: 1.2437  loss_cls: 0.6696  loss_bbox: 0.4354  loss_mask: 0.1387
2026/09/17 20:59:53 - mmengine - INFO - Epoch(train)  [6][250/722]  base_lr: 4.5225e-04 lr: 4.5225e-04  eta: 9:13:36  time: 2.4061  data_time: 0.0181  grad_norm: 6.2108  loss: 1.2432  loss_cls: 0.6365  loss_bbox: 0.4465  loss_mask: 0.1602
2026/09/17 21:01:49 - mmengine - INFO - Epoch(train)  [6][300/722]  base_lr: 4.5225e-04 lr: 4.5225e-04  eta: 9:11:36  time: 2.3220  data_time: 0.0145  grad_norm: 6.3968  loss: 1.3294  loss_cls: 0.6573  loss_bbox: 0.4948  loss_mask: 0.1774
2026/09/17 21:03:48 - mmengine - INFO - Epoch(train)  [6][350/722]  base_lr: 4.5225e-04 lr: 4.5225e-04  eta: 9:09:46  time: 2.3823  data_time: 0.0117  grad_norm: 6.1847  loss: 1.2345  loss_cls: 0.5959  loss_bbox: 0.4696  loss_mask: 0.1690
2026/09/17 21:05:28 - mmengine - INFO - Exp name: packdet_rtmdet_ins_20260917_182905
2026/09/17 21:05:51 - mmengine - INFO - Epoch(train)  [6][400/722]  base_lr: 4.5225e-04 lr: 4.5225e-04  eta: 9:08:11  time: 2.4636  data_time: 0.0130  grad_norm: 5.8291  loss: 1.1544  loss_cls: 0.5978  loss_bbox: 0.4026  loss_mask: 0.1540
2026/09/17 21:07:50 - mmengine - INFO - Epoch(train)  [6][450/722]  base_lr: 4.5225e-04 lr: 4.5225e-04  eta: 9:06:20  time: 2.3795  data_time: 0.0128  grad_norm: 6.0190  loss: 1.2564  loss_cls: 0.6731  loss_bbox: 0.4297  loss_mask: 0.1536
2026/09/17 21:09:55 - mmengine - INFO - Epoch(train)  [6][500/722]  base_lr: 4.5225e-04 lr: 4.5225e-04  eta: 9:04:50  time: 2.5039  data_time: 0.0110  grad_norm: 5.4922  loss: 1.1387  loss_cls: 0.5705  loss_bbox: 0.4202  loss_mask: 0.1480
2026/09/17 21:11:51 - mmengine - INFO - Epoch(train)  [6][550/722]  base_lr: 4.5225e-04 lr: 4.5225e-04  eta: 9:02:47  time: 2.3091  data_time: 0.0148  grad_norm: 5.9251  loss: 1.1382  loss_cls: 0.5969  loss_bbox: 0.4125  loss_mask: 0.1288
2026/09/17 21:13:51 - mmengine - INFO - Epoch(train)  [6][600/722]  base_lr: 4.5225e-04 lr: 4.5225e-04  eta: 9:00:59  time: 2.4001  data_time: 0.0127  grad_norm: 6.5192  loss: 1.1666  loss_cls: 0.6637  loss_bbox: 0.3838  loss_mask: 0.1192
2026/09/17 21:15:52 - mmengine - INFO - Epoch(train)  [6][650/722]  base_lr: 4.5225e-04 lr: 4.5225e-04  eta: 8:59:14  time: 2.4253  data_time: 0.0111  grad_norm: 5.7636  loss: 1.1352  loss_cls: 0.6081  loss_bbox: 0.4001  loss_mask: 0.1271
2026/09/17 21:17:52 - mmengine - INFO - Epoch(train)  [6][700/722]  base_lr: 4.5225e-04 lr: 4.5225e-04  eta: 8:57:26  time: 2.4009  data_time: 0.0130  grad_norm: 6.3131  loss: 1.2220  loss_cls: 0.6427  loss_bbox: 0.4078  loss_mask: 0.1715
2026/09/17 21:18:48 - mmengine - INFO - Exp name: packdet_rtmdet_ins_20260917_182905
2026/09/17 21:18:48 - mmengine - INFO - Saving checkpoint at 6 epochs
2026/09/17 21:20:48 - mmengine - INFO - Epoch(train)  [7][ 50/722]  base_lr: 4.3224e-04 lr: 4.3224e-04  eta: 8:54:52  time: 2.3676  data_time: 0.0171  grad_norm: 5.8750  loss: 1.1510  loss_cls: 0.6037  loss_bbox: 0.3947  loss_mask: 0.1526
2026/09/17 21:22:46 - mmengine - INFO - Epoch(train)  [7][100/722]  base_lr: 4.3224e-04 lr: 4.3224e-04  eta: 8:52:57  time: 2.3645  data_time: 0.0130  grad_norm: 6.0412  loss: 1.1806  loss_cls: 0.5805  loss_bbox: 0.4192  loss_mask: 0.1809
2026/09/17 21:24:48 - mmengine - INFO - Epoch(train)  [7][150/722]  base_lr: 4.3224e-04 lr: 4.3224e-04  eta: 8:51:13  time: 2.4354  data_time: 0.0131  grad_norm: 5.9414  loss: 1.1077  loss_cls: 0.5931  loss_bbox: 0.3839  loss_mask: 0.1307
2026/09/17 21:26:50 - mmengine - INFO - Epoch(train)  [7][200/722]  base_lr: 4.3224e-04 lr: 4.3224e-04  eta: 8:49:29  time: 2.4412  data_time: 0.0110  grad_norm: 5.5180  loss: 1.0523  loss_cls: 0.5724  loss_bbox: 0.3593  loss_mask: 0.1205
2026/09/17 21:28:50 - mmengine - INFO - Epoch(train)  [7][250/722]  base_lr: 4.3224e-04 lr: 4.3224e-04  eta: 8:47:40  time: 2.4096  data_time: 0.0134  grad_norm: 5.5449  loss: 1.0715  loss_cls: 0.5918  loss_bbox: 0.3751  loss_mask: 0.1047
2026/09/17 21:30:49 - mmengine - INFO - Epoch(train)  [7][300/722]  base_lr: 4.3224e-04 lr: 4.3224e-04  eta: 8:45:46  time: 2.3722  data_time: 0.0104  grad_norm: 5.8434  loss: 1.1006  loss_cls: 0.5449  loss_bbox: 0.4026  loss_mask: 0.1530
2026/09/17 21:32:54 - mmengine - INFO - Epoch(train)  [7][350/722]  base_lr: 4.3224e-04 lr: 4.3224e-04  eta: 8:44:11  time: 2.5117  data_time: 0.0153  grad_norm: 5.5230  loss: 1.1116  loss_cls: 0.5625  loss_bbox: 0.4045  loss_mask: 0.1446
2026/09/17 21:34:57 - mmengine - INFO - Epoch(train)  [7][400/722]  base_lr: 4.3224e-04 lr: 4.3224e-04  eta: 8:42:27  time: 2.4484  data_time: 0.0126  grad_norm: 5.9858  loss: 1.0889  loss_cls: 0.5554  loss_bbox: 0.3965  loss_mask: 0.1370
2026/09/17 21:36:56 - mmengine - INFO - Epoch(train)  [7][450/722]  base_lr: 4.3224e-04 lr: 4.3224e-04  eta: 8:40:33  time: 2.3836  data_time: 0.0116  grad_norm: 6.1480  loss: 1.1538  loss_cls: 0.6102  loss_bbox: 0.4044  loss_mask: 0.1391
2026/09/17 21:38:54 - mmengine - INFO - Epoch(train)  [7][500/722]  base_lr: 4.3224e-04 lr: 4.3224e-04  eta: 8:38:35  time: 2.3506  data_time: 0.0143  grad_norm: 6.0528  loss: 1.0596  loss_cls: 0.5769  loss_bbox: 0.3777  loss_mask: 0.1051
2026/09/17 21:40:54 - mmengine - INFO - Epoch(train)  [7][550/722]  base_lr: 4.3224e-04 lr: 4.3224e-04  eta: 8:36:45  time: 2.4071  data_time: 0.0103  grad_norm: 5.5680  loss: 1.0631  loss_cls: 0.5765  loss_bbox: 0.3631  loss_mask: 0.1234
2026/09/17 21:42:55 - mmengine - INFO - Epoch(train)  [7][600/722]  base_lr: 4.3224e-04 lr: 4.3224e-04  eta: 8:34:56  time: 2.4245  data_time: 0.0121  grad_norm: 5.8717  loss: 1.1169  loss_cls: 0.5839  loss_bbox: 0.3949  loss_mask: 0.1381
2026/09/17 21:44:59 - mmengine - INFO - Epoch(train)  [7][650/722]  base_lr: 4.3224e-04 lr: 4.3224e-04  eta: 8:33:16  time: 2.4866  data_time: 0.0135  grad_norm: 6.1349  loss: 1.1520  loss_cls: 0.6234  loss_bbox: 0.3922  loss_mask: 0.1364
2026/09/17 21:45:43 - mmengine - INFO - Exp name: packdet_rtmdet_ins_20260917_182905
2026/09/17 21:47:01 - mmengine - INFO - Epoch(train)  [7][700/722]  base_lr: 4.3224e-04 lr: 4.3224e-04  eta: 8:31:28  time: 2.4316  data_time: 0.0110  grad_norm: 5.8575  loss: 1.0915  loss_cls: 0.5619  loss_bbox: 0.3999  loss_mask: 0.1297
2026/09/17 21:47:55 - mmengine - INFO - Exp name: packdet_rtmdet_ins_20260917_182905
2026/09/17 21:47:55 - mmengine - INFO - Saving checkpoint at 7 epochs
2026/09/17 21:49:59 - mmengine - INFO - Epoch(train)  [8][ 50/722]  base_lr: 4.0936e-04 lr: 4.0936e-04  eta: 8:28:54  time: 2.4411  data_time: 0.0158  grad_norm: 5.5468  loss: 0.9860  loss_cls: 0.5282  loss_bbox: 0.3447  loss_mask: 0.1131
2026/09/17 21:51:58 - mmengine - INFO - Epoch(train)  [8][100/722]  base_lr: 4.0936e-04 lr: 4.0936e-04  eta: 8:27:00  time: 2.3957  data_time: 0.0096  grad_norm: 6.1854  loss: 1.0710  loss_cls: 0.5682  loss_bbox: 0.3705  loss_mask: 0.1322
2026/09/17 21:53:52 - mmengine - INFO - Epoch(train)  [8][150/722]  base_lr: 4.0936e-04 lr: 4.0936e-04  eta: 8:24:52  time: 2.2781  data_time: 0.0118  grad_norm: 6.1204  loss: 1.1723  loss_cls: 0.5712  loss_bbox: 0.4318  loss_mask: 0.1693
2026/09/17 21:55:54 - mmengine - INFO - Epoch(train)  [8][200/722]  base_lr: 4.0936e-04 lr: 4.0936e-04  eta: 8:23:03  time: 2.4327  data_time: 0.0165  grad_norm: 5.9210  loss: 1.0682  loss_cls: 0.5880  loss_bbox: 0.3641  loss_mask: 0.1161
2026/09/17 21:57:57 - mmengine - INFO - Epoch(train)  [8][250/722]  base_lr: 4.0936e-04 lr: 4.0936e-04  eta: 8:21:16  time: 2.4499  data_time: 0.0107  grad_norm: 5.2432  loss: 0.9689  loss_cls: 0.5286  loss_bbox: 0.3412  loss_mask: 0.0991
2026/09/17 21:59:59 - mmengine - INFO - Epoch(train)  [8][300/722]  base_lr: 4.0936e-04 lr: 4.0936e-04  eta: 8:19:29  time: 2.4465  data_time: 0.0124  grad_norm: 5.4432  loss: 0.9492  loss_cls: 0.5130  loss_bbox: 0.3398  loss_mask: 0.0964
2026/09/17 22:02:01 - mmengine - INFO - Epoch(train)  [8][350/722]  base_lr: 4.0936e-04 lr: 4.0936e-04  eta: 8:17:40  time: 2.4369  data_time: 0.0140  grad_norm: 5.5092  loss: 0.9689  loss_cls: 0.5173  loss_bbox: 0.3503  loss_mask: 0.1013
2026/09/17 22:04:08 - mmengine - INFO - Epoch(train)  [8][400/722]  base_lr: 4.0936e-04 lr: 4.0936e-04  eta: 8:16:04  time: 2.5520  data_time: 0.0190  grad_norm: 5.3397  loss: 0.9632  loss_cls: 0.5257  loss_bbox: 0.3464  loss_mask: 0.0911
2026/09/17 22:06:13 - mmengine - INFO - Epoch(train)  [8][450/722]  base_lr: 4.0936e-04 lr: 4.0936e-04  eta: 8:14:20  time: 2.4939  data_time: 0.0107  grad_norm: 5.3407  loss: 1.0733  loss_cls: 0.5482  loss_bbox: 0.3921  loss_mask: 0.1330
2026/09/17 22:08:17 - mmengine - INFO - Epoch(train)  [8][500/722]  base_lr: 4.0936e-04 lr: 4.0936e-04  eta: 8:12:36  time: 2.4848  data_time: 0.0138  grad_norm: 6.1719  loss: 1.0926  loss_cls: 0.6043  loss_bbox: 0.3656  loss_mask: 0.1227
2026/09/17 22:10:17 - mmengine - INFO - Epoch(train)  [8][550/722]  base_lr: 4.0936e-04 lr: 4.0936e-04  eta: 8:10:42  time: 2.4036  data_time: 0.0106  grad_norm: 6.0160  loss: 1.0978  loss_cls: 0.5765  loss_bbox: 0.3751  loss_mask: 0.1462
2026/09/17 22:12:15 - mmengine - INFO - Epoch(train)  [8][600/722]  base_lr: 4.0936e-04 lr: 4.0936e-04  eta: 8:08:43  time: 2.3585  data_time: 0.0110  grad_norm: 5.6106  loss: 1.0485  loss_cls: 0.5174  loss_bbox: 0.3800  loss_mask: 0.1512
2026/09/17 22:14:13 - mmengine - INFO - Epoch(train)  [8][650/722]  base_lr: 4.0936e-04 lr: 4.0936e-04  eta: 8:06:43  time: 2.3481  data_time: 0.0116  grad_norm: 5.3046  loss: 0.9523  loss_cls: 0.5048  loss_bbox: 0.3410  loss_mask: 0.1065
2026/09/17 22:16:13 - mmengine - INFO - Epoch(train)  [8][700/722]  base_lr: 4.0936e-04 lr: 4.0936e-04  eta: 8:04:49  time: 2.4067  data_time: 0.0100  grad_norm: 5.4534  loss: 0.9771  loss_cls: 0.5153  loss_bbox: 0.3433  loss_mask: 0.1185
2026/09/17 22:17:08 - mmengine - INFO - Exp name: packdet_rtmdet_ins_20260917_182905
2026/09/17 22:17:08 - mmengine - INFO - Saving checkpoint at 8 epochs
2026/09/17 22:19:18 - mmengine - INFO - Epoch(train)  [9][ 50/722]  base_lr: 3.8396e-04 lr: 3.8396e-04  eta: 8:02:25  time: 2.5755  data_time: 0.0153  grad_norm: 5.5313  loss: 1.0443  loss_cls: 0.5737  loss_bbox: 0.3511  loss_mask: 0.1194
2026/09/17 22:21:20 - mmengine - INFO - Epoch(train)  [9][100/722]  base_lr: 3.8396e-04 lr: 3.8396e-04  eta: 8:00:35  time: 2.4403  data_time: 0.0153  grad_norm: 5.9577  loss: 0.9741  loss_cls: 0.5274  loss_bbox: 0.3459  loss_mask: 0.1009
2026/09/17 22:23:22 - mmengine - INFO - Epoch(train)  [9][150/722]  base_lr: 3.8396e-04 lr: 3.8396e-04  eta: 7:58:44  time: 2.4419  data_time: 0.0093  grad_norm: 5.5962  loss: 0.9756  loss_cls: 0.5153  loss_bbox: 0.3504  loss_mask: 0.1100
2026/09/17 22:25:24 - mmengine - INFO - Epoch(train)  [9][200/722]  base_lr: 3.8396e-04 lr: 3.8396e-04  eta: 7:56:52  time: 2.4321  data_time: 0.0115  grad_norm: 5.4259  loss: 0.9270  loss_cls: 0.4689  loss_bbox: 0.3438  loss_mask: 0.1143
2026/09/17 22:26:25 - mmengine - INFO - Exp name: packdet_rtmdet_ins_20260917_182905
2026/09/17 22:27:28 - mmengine - INFO - Epoch(train)  [9][250/722]  base_lr: 3.8396e-04 lr: 3.8396e-04  eta: 7:55:04  time: 2.4777  data_time: 0.0128  grad_norm: 5.5949  loss: 1.0091  loss_cls: 0.5406  loss_bbox: 0.3455  loss_mask: 0.1230
2026/09/17 22:29:30 - mmengine - INFO - Epoch(train)  [9][300/722]  base_lr: 3.8396e-04 lr: 3.8396e-04  eta: 7:53:12  time: 2.4397  data_time: 0.0144  grad_norm: 5.2769  loss: 0.9475  loss_cls: 0.5045  loss_bbox: 0.3310  loss_mask: 0.1120
2026/09/17 22:31:31 - mmengine - INFO - Epoch(train)  [9][350/722]  base_lr: 3.8396e-04 lr: 3.8396e-04  eta: 7:51:19  time: 2.4247  data_time: 0.0131  grad_norm: 5.6230  loss: 0.9127  loss_cls: 0.4947  loss_bbox: 0.3298  loss_mask: 0.0882
2026/09/17 22:33:35 - mmengine - INFO - Epoch(train)  [9][400/722]  base_lr: 3.8396e-04 lr: 3.8396e-04  eta: 7:49:30  time: 2.4753  data_time: 0.0131  grad_norm: 5.7369  loss: 0.9751  loss_cls: 0.5084  loss_bbox: 0.3555  loss_mask: 0.1112
2026/09/17 22:35:36 - mmengine - INFO - Epoch(train)  [9][450/722]  base_lr: 3.8396e-04 lr: 3.8396e-04  eta: 7:47:36  time: 2.4185  data_time: 0.0174  grad_norm: 5.7521  loss: 0.9889  loss_cls: 0.5067  loss_bbox: 0.3688  loss_mask: 0.1134
2026/09/17 22:37:35 - mmengine - INFO - Epoch(train)  [9][500/722]  base_lr: 3.8396e-04 lr: 3.8396e-04  eta: 7:45:39  time: 2.3934  data_time: 0.0116  grad_norm: 5.4685  loss: 0.9535  loss_cls: 0.4963  loss_bbox: 0.3402  loss_mask: 0.1170
2026/09/17 22:39:34 - mmengine - INFO - Epoch(train)  [9][550/722]  base_lr: 3.8396e-04 lr: 3.8396e-04  eta: 7:43:42  time: 2.3842  data_time: 0.0109  grad_norm: 5.8286  loss: 0.9952  loss_cls: 0.5200  loss_bbox: 0.3475  loss_mask: 0.1276
2026/09/17 22:41:38 - mmengine - INFO - Epoch(train)  [9][600/722]  base_lr: 3.8396e-04 lr: 3.8396e-04  eta: 7:41:52  time: 2.4707  data_time: 0.0121  grad_norm: 5.9741  loss: 1.0151  loss_cls: 0.5652  loss_bbox: 0.3346  loss_mask: 0.1153
2026/09/17 22:43:38 - mmengine - INFO - Epoch(train)  [9][650/722]  base_lr: 3.8396e-04 lr: 3.8396e-04  eta: 7:39:56  time: 2.4106  data_time: 0.0109  grad_norm: 5.4549  loss: 0.9788  loss_cls: 0.4928  loss_bbox: 0.3719  loss_mask: 0.1141
2026/09/17 22:45:39 - mmengine - INFO - Epoch(train)  [9][700/722]  base_lr: 3.8396e-04 lr: 3.8396e-04  eta: 7:38:00  time: 2.4042  data_time: 0.0125  grad_norm: 6.0042  loss: 1.0213  loss_cls: 0.5287  loss_bbox: 0.3750  loss_mask: 0.1177
2026/09/17 22:46:29 - mmengine - INFO - Exp name: packdet_rtmdet_ins_20260917_182905
2026/09/17 22:46:29 - mmengine - INFO - Saving checkpoint at 9 epochs
2026/09/17 22:48:31 - mmengine - INFO - Epoch(train) [10][ 50/722]  base_lr: 3.5644e-04 lr: 3.5644e-04  eta: 7:35:10  time: 2.4190  data_time: 0.0127  grad_norm: 5.4558  loss: 1.0049  loss_cls: 0.5102  loss_bbox: 0.3492  loss_mask: 0.1455
2026/09/17 22:50:33 - mmengine - INFO - Epoch(train) [10][100/722]  base_lr: 3.5644e-04 lr: 3.5644e-04  eta: 7:33:15  time: 2.4243  data_time: 0.0115  grad_norm: 5.8467  loss: 0.9883  loss_cls: 0.5359  loss_bbox: 0.3416  loss_mask: 0.1107
2026/09/17 22:52:34 - mmengine - INFO - Epoch(train) [10][150/722]  base_lr: 3.5644e-04 lr: 3.5644e-04  eta: 7:31:20  time: 2.4169  data_time: 0.0132  grad_norm: 5.6302  loss: 0.9225  loss_cls: 0.4611  loss_bbox: 0.3520  loss_mask: 0.1095
2026/09/17 22:54:35 - mmengine - INFO - Epoch(train) [10][200/722]  base_lr: 3.5644e-04 lr: 3.5644e-04  eta: 7:29:27  time: 2.4369  data_time: 0.0145  grad_norm: 5.3612  loss: 0.9442  loss_cls: 0.4693  loss_bbox: 0.3498  loss_mask: 0.1252
2026/09/17 22:56:37 - mmengine - INFO - Epoch(train) [10][250/722]  base_lr: 3.5644e-04 lr: 3.5644e-04  eta: 7:27:33  time: 2.4316  data_time: 0.0140  grad_norm: 5.3412  loss: 0.8506  loss_cls: 0.4629  loss_bbox: 0.3092  loss_mask: 0.0786
2026/09/17 22:58:41 - mmengine - INFO - Epoch(train) [10][300/722]  base_lr: 3.5644e-04 lr: 3.5644e-04  eta: 7:25:42  time: 2.4732  data_time: 0.0116  grad_norm: 5.5224  loss: 0.9528  loss_cls: 0.5075  loss_bbox: 0.3283  loss_mask: 0.1170
2026/09/17 23:00:46 - mmengine - INFO - Epoch(train) [10][350/722]  base_lr: 3.5644e-04 lr: 3.5644e-04  eta: 7:23:53  time: 2.4989  data_time: 0.0138  grad_norm: 5.3848  loss: 0.9487  loss_cls: 0.4972  loss_bbox: 0.3308  loss_mask: 0.1207
2026/09/17 23:02:47 - mmengine - INFO - Epoch(train) [10][400/722]  base_lr: 3.5644e-04 lr: 3.5644e-04  eta: 7:21:59  time: 2.4379  data_time: 0.0123  grad_norm: 5.5658  loss: 0.8542  loss_cls: 0.4853  loss_bbox: 0.2914  loss_mask: 0.0775
2026/09/17 23:04:48 - mmengine - INFO - Epoch(train) [10][450/722]  base_lr: 3.5644e-04 lr: 3.5644e-04  eta: 7:20:03  time: 2.4124  data_time: 0.0116  grad_norm: 5.9089  loss: 0.9123  loss_cls: 0.4772  loss_bbox: 0.3285  loss_mask: 0.1066
2026/09/17 23:06:47 - mmengine - INFO - Epoch(train) [10][500/722]  base_lr: 3.5644e-04 lr: 3.5644e-04  eta: 7:18:04  time: 2.3752  data_time: 0.0115  grad_norm: 5.6390  loss: 0.9189  loss_cls: 0.4785  loss_bbox: 0.3292  loss_mask: 0.1112
2026/09/17 23:06:51 - mmengine - INFO - Exp name: packdet_rtmdet_ins_20260917_182905
2026/09/17 23:08:48 - mmengine - INFO - Epoch(train) [10][550/722]  base_lr: 3.5644e-04 lr: 3.5644e-04  eta: 7:16:08  time: 2.4204  data_time: 0.0116  grad_norm: 5.4019  loss: 0.9004  loss_cls: 0.4891  loss_bbox: 0.3170  loss_mask: 0.0943
2026/09/17 23:10:55 - mmengine - INFO - Epoch(train) [10][600/722]  base_lr: 3.5644e-04 lr: 3.5644e-04  eta: 7:14:22  time: 2.5516  data_time: 0.0190  grad_norm: 5.2850  loss: 0.8608  loss_cls: 0.4452  loss_bbox: 0.3142  loss_mask: 0.1013
2026/09/17 23:12:58 - mmengine - INFO - Epoch(train) [10][650/722]  base_lr: 3.5644e-04 lr: 3.5644e-04  eta: 7:12:29  time: 2.4495  data_time: 0.0112  grad_norm: 5.0765  loss: 0.7823  loss_cls: 0.4098  loss_bbox: 0.2988  loss_mask: 0.0738
2026/09/17 23:14:59 - mmengine - INFO - Epoch(train) [10][700/722]  base_lr: 3.5644e-04 lr: 3.5644e-04  eta: 7:10:33  time: 2.4271  data_time: 0.0114  grad_norm: 5.6612  loss: 0.9581  loss_cls: 0.5104  loss_bbox: 0.3300  loss_mask: 0.1177
2026/09/17 23:15:53 - mmengine - INFO - Exp name: packdet_rtmdet_ins_20260917_182905
2026/09/17 23:15:53 - mmengine - INFO - Saving checkpoint at 10 epochs
2026/09/17 23:17:55 - mmengine - INFO - Epoch(train) [11][ 50/722]  base_lr: 3.2725e-04 lr: 3.2725e-04  eta: 7:07:46  time: 2.4058  data_time: 0.0142  grad_norm: 5.1019  loss: 0.8857  loss_cls: 0.4349  loss_bbox: 0.3340  loss_mask: 0.1168
2026/09/17 23:19:56 - mmengine - INFO - Epoch(train) [11][100/722]  base_lr: 3.2725e-04 lr: 3.2725e-04  eta: 7:05:49  time: 2.4169  data_time: 0.0141  grad_norm: 5.0335  loss: 0.7903  loss_cls: 0.4116  loss_bbox: 0.2953  loss_mask: 0.0833
2026/09/17 23:21:59 - mmengine - INFO - Epoch(train) [11][150/722]  base_lr: 3.2725e-04 lr: 3.2725e-04  eta: 7:03:56  time: 2.4635  data_time: 0.0109  grad_norm: 5.3844  loss: 0.9002  loss_cls: 0.4741  loss_bbox: 0.3170  loss_mask: 0.1091
2026/09/17 23:24:07 - mmengine - INFO - Epoch(train) [11][200/722]  base_lr: 3.2725e-04 lr: 3.2725e-04  eta: 7:02:10  time: 2.5572  data_time: 0.0150  grad_norm: 5.2570  loss: 0.8275  loss_cls: 0.4302  loss_bbox: 0.3085  loss_mask: 0.0887
2026/09/17 23:26:13 - mmengine - INFO - Epoch(train) [11][250/722]  base_lr: 3.2725e-04 lr: 3.2725e-04  eta: 7:00:21  time: 2.5280  data_time: 0.0141  grad_norm: 4.6126  loss: 0.8451  loss_cls: 0.4265  loss_bbox: 0.3110  loss_mask: 0.1076
2026/09/17 23:28:18 - mmengine - INFO - Epoch(train) [11][300/722]  base_lr: 3.2725e-04 lr: 3.2725e-04  eta: 6:58:30  time: 2.5024  data_time: 0.0127  grad_norm: 5.1248  loss: 0.8490  loss_cls: 0.4214  loss_bbox: 0.3087  loss_mask: 0.1189
2026/09/17 23:30:22 - mmengine - INFO - Epoch(train) [11][350/722]  base_lr: 3.2725e-04 lr: 3.2725e-04  eta: 6:56:37  time: 2.4780  data_time: 0.0146  grad_norm: 5.3745  loss: 0.9060  loss_cls: 0.4652  loss_bbox: 0.3294  loss_mask: 0.1114
2026/09/17 23:32:23 - mmengine - INFO - Epoch(train) [11][400/722]  base_lr: 3.2725e-04 lr: 3.2725e-04  eta: 6:54:40  time: 2.4255  data_time: 0.0152  grad_norm: 5.4408  loss: 0.7940  loss_cls: 0.4345  loss_bbox: 0.2817  loss_mask: 0.0778
2026/09/17 23:34:27 - mmengine - INFO - Epoch(train) [11][450/722]  base_lr: 3.2725e-04 lr: 3.2725e-04  eta: 6:52:46  time: 2.4632  data_time: 0.0131  grad_norm: 5.1831  loss: 0.7750  loss_cls: 0.4251  loss_bbox: 0.2805  loss_mask: 0.0695
2026/09/17 23:36:29 - mmengine - INFO - Epoch(train) [11][500/722]  base_lr: 3.2725e-04 lr: 3.2725e-04  eta: 6:50:51  time: 2.4428  data_time: 0.0132  grad_norm: 5.4553  loss: 0.7939  loss_cls: 0.4595  loss_bbox: 0.2686  loss_mask: 0.0658
2026/09/17 23:38:28 - mmengine - INFO - Epoch(train) [11][550/722]  base_lr: 3.2725e-04 lr: 3.2725e-04  eta: 6:48:52  time: 2.3892  data_time: 0.0131  grad_norm: 5.7831  loss: 0.9404  loss_cls: 0.5292  loss_bbox: 0.3203  loss_mask: 0.0909
2026/09/17 23:40:25 - mmengine - INFO - Epoch(train) [11][600/722]  base_lr: 3.2725e-04 lr: 3.2725e-04  eta: 6:46:49  time: 2.3290  data_time: 0.0123  grad_norm: 5.1352  loss: 0.8034  loss_cls: 0.4281  loss_bbox: 0.2959  loss_mask: 0.0794
2026/09/17 23:42:23 - mmengine - INFO - Epoch(train) [11][650/722]  base_lr: 3.2725e-04 lr: 3.2725e-04  eta: 6:44:48  time: 2.3675  data_time: 0.0147  grad_norm: 5.4560  loss: 0.8002  loss_cls: 0.4095  loss_bbox: 0.2982  loss_mask: 0.0924
2026/09/17 23:44:28 - mmengine - INFO - Epoch(train) [11][700/722]  base_lr: 3.2725e-04 lr: 3.2725e-04  eta: 6:42:56  time: 2.4904  data_time: 0.0163  grad_norm: 5.5498  loss: 0.8933  loss_cls: 0.4510  loss_bbox: 0.3303  loss_mask: 0.1120
2026/09/17 23:45:23 - mmengine - INFO - Exp name: packdet_rtmdet_ins_20260917_182905
2026/09/17 23:45:23 - mmengine - INFO - Saving checkpoint at 11 epochs
2026/09/17 23:47:30 - mmengine - INFO - Epoch(train) [12][ 50/722]  base_lr: 2.9685e-04 lr: 2.9685e-04  eta: 6:40:16  time: 2.5210  data_time: 0.0109  grad_norm: 5.1179  loss: 0.8306  loss_cls: 0.4204  loss_bbox: 0.3030  loss_mask: 0.1072
2026/09/17 23:47:50 - mmengine - INFO - Exp name: packdet_rtmdet_ins_20260917_182905
2026/09/17 23:49:31 - mmengine - INFO - Epoch(train) [12][100/722]  base_lr: 2.9685e-04 lr: 2.9685e-04  eta: 6:38:17  time: 2.4093  data_time: 0.0144  grad_norm: 5.1512  loss: 0.8073  loss_cls: 0.3888  loss_bbox: 0.3101  loss_mask: 0.1084
2026/09/17 23:51:37 - mmengine - INFO - Epoch(train) [12][150/722]  base_lr: 2.9685e-04 lr: 2.9685e-04  eta: 6:36:26  time: 2.5193  data_time: 0.0130  grad_norm: 4.8808  loss: 0.8091  loss_cls: 0.4376  loss_bbox: 0.2839  loss_mask: 0.0877
2026/09/17 23:53:50 - mmengine - INFO - Epoch(train) [12][200/722]  base_lr: 2.9685e-04 lr: 2.9685e-04  eta: 6:34:43  time: 2.6601  data_time: 0.0169  grad_norm: 4.6719  loss: 0.7940  loss_cls: 0.4054  loss_bbox: 0.2953  loss_mask: 0.0933
2026/09/17 23:55:55 - mmengine - INFO - Epoch(train) [12][250/722]  base_lr: 2.9685e-04 lr: 2.9685e-04  eta: 6:32:51  time: 2.5133  data_time: 0.0105  grad_norm: 4.4783  loss: 0.7401  loss_cls: 0.3690  loss_bbox: 0.2847  loss_mask: 0.0863
2026/09/17 23:57:59 - mmengine - INFO - Epoch(train) [12][300/722]  base_lr: 2.9685e-04 lr: 2.9685e-04  eta: 6:30:56  time: 2.4704  data_time: 0.0124  grad_norm: 5.0992  loss: 0.7344  loss_cls: 0.3948  loss_bbox: 0.2700  loss_mask: 0.0696
2026/09/18 00:00:01 - mmengine - INFO - Epoch(train) [12][350/722]  base_lr: 2.9685e-04 lr: 2.9685e-04  eta: 6:29:00  time: 2.4490  data_time: 0.0123  grad_norm: 4.8884  loss: 0.7974  loss_cls: 0.4180  loss_bbox: 0.2952  loss_mask: 0.0841
2026/09/18 00:01:59 - mmengine - INFO - Epoch(train) [12][400/722]  base_lr: 2.9685e-04 lr: 2.9685e-04  eta: 6:26:58  time: 2.3483  data_time: 0.0117  grad_norm: 5.0344  loss: 0.7045  loss_cls: 0.3337  loss_bbox: 0.2958  loss_mask: 0.0750
2026/09/18 00:04:02 - mmengine - INFO - Epoch(train) [12][450/722]  base_lr: 2.9685e-04 lr: 2.9685e-04  eta: 6:25:03  time: 2.4719  data_time: 0.0119  grad_norm: 4.9730  loss: 0.8053  loss_cls: 0.4038  loss_bbox: 0.2953  loss_mask: 0.1062
2026/09/18 00:06:10 - mmengine - INFO - Epoch(train) [12][500/722]  base_lr: 2.9685e-04 lr: 2.9685e-04  eta: 6:23:13  time: 2.5558  data_time: 0.0144  grad_norm: 5.4989  loss: 0.7619  loss_cls: 0.4125  loss_bbox: 0.2798  loss_mask: 0.0696
2026/09/18 00:08:09 - mmengine - INFO - Epoch(train) [12][550/722]  base_lr: 2.9685e-04 lr: 2.9685e-04  eta: 6:21:12  time: 2.3759  data_time: 0.0130  grad_norm: 5.3564  loss: 0.8211  loss_cls: 0.4546  loss_bbox: 0.2925  loss_mask: 0.0741
2026/09/18 00:10:06 - mmengine - INFO - Epoch(train) [12][600/722]  base_lr: 2.9685e-04 lr: 2.9685e-04  eta: 6:19:09  time: 2.3369  data_time: 0.0113  grad_norm: 4.8717  loss: 0.7553  loss_cls: 0.3835  loss_bbox: 0.2812  loss_mask: 0.0906
2026/09/18 00:12:06 - mmengine - INFO - Epoch(train) [12][650/722]  base_lr: 2.9685e-04 lr: 2.9685e-04  eta: 6:17:10  time: 2.3952  data_time: 0.0162  grad_norm: 5.5135  loss: 0.8515  loss_cls: 0.4305  loss_bbox: 0.3112  loss_mask: 0.1098
2026/09/18 00:14:06 - mmengine - INFO - Epoch(train) [12][700/722]  base_lr: 2.9685e-04 lr: 2.9685e-04  eta: 6:15:11  time: 2.4092  data_time: 0.0102  grad_norm: 5.1434  loss: 0.7968  loss_cls: 0.4189  loss_bbox: 0.2900  loss_mask: 0.0879
2026/09/18 00:14:59 - mmengine - INFO - Exp name: packdet_rtmdet_ins_20260917_182905
2026/09/18 00:14:59 - mmengine - INFO - Saving checkpoint at 12 epochs
2026/09/18 00:17:06 - mmengine - INFO - Epoch(train) [13][ 50/722]  base_lr: 2.6570e-04 lr: 2.6570e-04  eta: 6:12:25  time: 2.5076  data_time: 0.0118  grad_norm: 5.3900  loss: 0.7504  loss_cls: 0.4019  loss_bbox: 0.2791  loss_mask: 0.0694
2026/09/18 00:19:19 - mmengine - INFO - Epoch(train) [13][100/722]  base_lr: 2.6570e-04 lr: 2.6570e-04  eta: 6:10:39  time: 2.6649  data_time: 0.0151  grad_norm: 4.7832  loss: 0.7510  loss_cls: 0.3713  loss_bbox: 0.2932  loss_mask: 0.0865
2026/09/18 00:21:24 - mmengine - INFO - Epoch(train) [13][150/722]  base_lr: 2.6570e-04 lr: 2.6570e-04  eta: 6:08:45  time: 2.5048  data_time: 0.0118  grad_norm: 4.7211  loss: 0.8215  loss_cls: 0.3998  loss_bbox: 0.3076  loss_mask: 0.1141
2026/09/18 00:23:30 - mmengine - INFO - Epoch(train) [13][200/722]  base_lr: 2.6570e-04 lr: 2.6570e-04  eta: 6:06:52  time: 2.5175  data_time: 0.0138  grad_norm: 4.8734  loss: 0.7500  loss_cls: 0.3751  loss_bbox: 0.2915  loss_mask: 0.0833
2026/09/18 00:25:31 - mmengine - INFO - Epoch(train) [13][250/722]  base_lr: 2.6570e-04 lr: 2.6570e-04  eta: 6:04:54  time: 2.4221  data_time: 0.0103  grad_norm: 4.9662  loss: 0.7736  loss_cls: 0.3539  loss_bbox: 0.3097  loss_mask: 0.1101
2026/09/18 00:27:26 - mmengine - INFO - Epoch(train) [13][300/722]  base_lr: 2.6570e-04 lr: 2.6570e-04  eta: 6:02:48  time: 2.2881  data_time: 0.0121  grad_norm: 5.7391  loss: 0.8057  loss_cls: 0.4509  loss_bbox: 0.2705  loss_mask: 0.0843
2026/09/18 00:28:56 - mmengine - INFO - Exp name: packdet_rtmdet_ins_20260917_182905
2026/09/18 00:29:31 - mmengine - INFO - Epoch(train) [13][350/722]  base_lr: 2.6570e-04 lr: 2.6570e-04  eta: 6:00:54  time: 2.5154  data_time: 0.0129  grad_norm: 4.9874  loss: 0.7306  loss_cls: 0.3810  loss_bbox: 0.2769  loss_mask: 0.0727
2026/09/18 00:31:37 - mmengine - INFO - Epoch(train) [13][400/722]  base_lr: 2.6570e-04 lr: 2.6570e-04  eta: 5:59:00  time: 2.5141  data_time: 0.0143  grad_norm: 5.4779  loss: 0.8248  loss_cls: 0.4595  loss_bbox: 0.2838  loss_mask: 0.0815
2026/09/18 00:33:34 - mmengine - INFO - Epoch(train) [13][450/722]  base_lr: 2.6570e-04 lr: 2.6570e-04  eta: 5:56:58  time: 2.3383  data_time: 0.0146  grad_norm: 5.0645  loss: 0.7868  loss_cls: 0.4063  loss_bbox: 0.2938  loss_mask: 0.0868
2026/09/18 00:35:33 - mmengine - INFO - Epoch(train) [13][500/722]  base_lr: 2.6570e-04 lr: 2.6570e-04  eta: 5:54:57  time: 2.3857  data_time: 0.0111  grad_norm: 5.5601  loss: 0.7101  loss_cls: 0.3754  loss_bbox: 0.2605  loss_mask: 0.0742
2026/09/18 00:37:36 - mmengine - INFO - Epoch(train) [13][550/722]  base_lr: 2.6570e-04 lr: 2.6570e-04  eta: 5:53:00  time: 2.4496  data_time: 0.0108  grad_norm: 4.9077  loss: 0.6863  loss_cls: 0.3411  loss_bbox: 0.2746  loss_mask: 0.0706
2026/09/18 00:39:39 - mmengine - INFO - Epoch(train) [13][600/722]  base_lr: 2.6570e-04 lr: 2.6570e-04  eta: 5:51:03  time: 2.4585  data_time: 0.0117  grad_norm: 4.2283  loss: 0.5956  loss_cls: 0.2840  loss_bbox: 0.2509  loss_mask: 0.0607
2026/09/18 00:41:40 - mmengine - INFO - Epoch(train) [13][650/722]  base_lr: 2.6570e-04 lr: 2.6570e-04  eta: 5:49:05  time: 2.4273  data_time: 0.0157  grad_norm: 4.7905  loss: 0.7253  loss_cls: 0.3715  loss_bbox: 0.2748  loss_mask: 0.0789
2026/09/18 00:43:40 - mmengine - INFO - Epoch(train) [13][700/722]  base_lr: 2.6570e-04 lr: 2.6570e-04  eta: 5:47:05  time: 2.4050  data_time: 0.0151  grad_norm: 4.7342  loss: 0.6897  loss_cls: 0.3309  loss_bbox: 0.2760  loss_mask: 0.0828
2026/09/18 00:44:37 - mmengine - INFO - Exp name: packdet_rtmdet_ins_20260917_182905
2026/09/18 00:44:37 - mmengine - INFO - Saving checkpoint at 13 epochs
2026/09/18 00:46:43 - mmengine - INFO - Epoch(train) [14][ 50/722]  base_lr: 2.3430e-04 lr: 2.3430e-04  eta: 5:44:20  time: 2.4937  data_time: 0.0153  grad_norm: 4.8713  loss: 0.6683  loss_cls: 0.3469  loss_bbox: 0.2508  loss_mask: 0.0707
2026/09/18 00:48:55 - mmengine - INFO - Epoch(train) [14][100/722]  base_lr: 2.3430e-04 lr: 2.3430e-04  eta: 5:42:31  time: 2.6391  data_time: 0.0121  grad_norm: 4.6798  loss: 0.7197  loss_cls: 0.3636  loss_bbox: 0.2679  loss_mask: 0.0882
2026/09/18 00:50:59 - mmengine - INFO - Epoch(train) [14][150/722]  base_lr: 2.3430e-04 lr: 2.3430e-04  eta: 5:40:34  time: 2.4744  data_time: 0.0128  grad_norm: 5.0355  loss: 0.7056  loss_cls: 0.3352  loss_bbox: 0.2868  loss_mask: 0.0837
2026/09/18 00:53:07 - mmengine - INFO - Epoch(train) [14][200/722]  base_lr: 2.3430e-04 lr: 2.3430e-04  eta: 5:38:41  time: 2.5643  data_time: 0.0191  grad_norm: 4.6146  loss: 0.6742  loss_cls: 0.3220  loss_bbox: 0.2698  loss_mask: 0.0824
2026/09/18 00:55:11 - mmengine - INFO - Epoch(train) [14][250/722]  base_lr: 2.3430e-04 lr: 2.3430e-04  eta: 5:36:45  time: 2.4898  data_time: 0.0147  grad_norm: 4.8740  loss: 0.6650  loss_cls: 0.3397  loss_bbox: 0.2620  loss_mask: 0.0633
2026/09/18 00:57:16 - mmengine - INFO - Epoch(train) [14][300/722]  base_lr: 2.3430e-04 lr: 2.3430e-04  eta: 5:34:49  time: 2.4851  data_time: 0.0126  grad_norm: 4.6505  loss: 0.6421  loss_cls: 0.2993  loss_bbox: 0.2634  loss_mask: 0.0793
2026/09/18 00:59:17 - mmengine - INFO - Epoch(train) [14][350/722]  base_lr: 2.3430e-04 lr: 2.3430e-04  eta: 5:32:50  time: 2.4343  data_time: 0.0116  grad_norm: 5.1869  loss: 0.7045  loss_cls: 0.3553  loss_bbox: 0.2700  loss_mask: 0.0793
2026/09/18 01:01:21 - mmengine - INFO - Epoch(train) [14][400/722]  base_lr: 2.3430e-04 lr: 2.3430e-04  eta: 5:30:53  time: 2.4690  data_time: 0.0137  grad_norm: 5.6330  loss: 0.7613  loss_cls: 0.4002  loss_bbox: 0.2822  loss_mask: 0.0789
2026/09/18 01:03:22 - mmengine - INFO - Epoch(train) [14][450/722]  base_lr: 2.3430e-04 lr: 2.3430e-04  eta: 5:28:54  time: 2.4322  data_time: 0.0109  grad_norm: 4.6621  loss: 0.7153  loss_cls: 0.3395  loss_bbox: 0.2795  loss_mask: 0.0963
2026/09/18 01:05:21 - mmengine - INFO - Epoch(train) [14][500/722]  base_lr: 2.3430e-04 lr: 2.3430e-04  eta: 5:26:52  time: 2.3661  data_time: 0.0139  grad_norm: 5.6747  loss: 0.6927  loss_cls: 0.3718  loss_bbox: 0.2503  loss_mask: 0.0706
2026/09/18 01:07:22 - mmengine - INFO - Epoch(train) [14][550/722]  base_lr: 2.3430e-04 lr: 2.3430e-04  eta: 5:24:53  time: 2.4242  data_time: 0.0112  grad_norm: 4.9876  loss: 0.7279  loss_cls: 0.3490  loss_bbox: 0.2895  loss_mask: 0.0894
2026/09/18 01:09:23 - mmengine - INFO - Epoch(train) [14][600/722]  base_lr: 2.3430e-04 lr: 2.3430e-04  eta: 5:22:54  time: 2.4290  data_time: 0.0110  grad_norm: 4.9235  loss: 0.6553  loss_cls: 0.3408  loss_bbox: 0.2495  loss_mask: 0.0650
2026/09/18 01:10:02 - mmengine - INFO - Exp name: packdet_rtmdet_ins_20260917_182905
2026/09/18 01:11:28 - mmengine - INFO - Epoch(train) [14][650/722]  base_lr: 2.3430e-04 lr: 2.3430e-04  eta: 5:20:57  time: 2.4891  data_time: 0.0115  grad_norm: 4.9460  loss: 0.6829  loss_cls: 0.3344  loss_bbox: 0.2656  loss_mask: 0.0829
2026/09/18 01:13:26 - mmengine - INFO - Epoch(train) [14][700/722]  base_lr: 2.3430e-04 lr: 2.3430e-04  eta: 5:18:56  time: 2.3684  data_time: 0.0113  grad_norm: 5.0744  loss: 0.6830  loss_cls: 0.3302  loss_bbox: 0.2738  loss_mask: 0.0790
2026/09/18 01:14:18 - mmengine - INFO - Exp name: packdet_rtmdet_ins_20260917_182905
2026/09/18 01:14:18 - mmengine - INFO - Saving checkpoint at 14 epochs
2026/09/18 01:16:21 - mmengine - INFO - Epoch(train) [15][ 50/722]  base_lr: 2.0315e-04 lr: 2.0315e-04  eta: 5:16:03  time: 2.4250  data_time: 0.0147  grad_norm: 4.1961  loss: 0.5658  loss_cls: 0.2747  loss_bbox: 0.2260  loss_mask: 0.0651
2026/09/18 01:18:32 - mmengine - INFO - Epoch(train) [15][100/722]  base_lr: 2.0315e-04 lr: 2.0315e-04  eta: 5:14:11  time: 2.6182  data_time: 0.0123  grad_norm: 4.1365  loss: 0.5960  loss_cls: 0.2646  loss_bbox: 0.2573  loss_mask: 0.0741
2026/09/18 01:20:37 - mmengine - INFO - Epoch(train) [15][150/722]  base_lr: 2.0315e-04 lr: 2.0315e-04  eta: 5:12:14  time: 2.4894  data_time: 0.0135  grad_norm: 4.6872  loss: 0.6236  loss_cls: 0.2942  loss_bbox: 0.2539  loss_mask: 0.0755
2026/09/18 01:22:38 - mmengine - INFO - Epoch(train) [15][200/722]  base_lr: 2.0315e-04 lr: 2.0315e-04  eta: 5:10:15  time: 2.4341  data_time: 0.0128  grad_norm: 4.8277  loss: 0.6872  loss_cls: 0.3131  loss_bbox: 0.2792  loss_mask: 0.0949
2026/09/18 01:24:44 - mmengine - INFO - Epoch(train) [15][250/722]  base_lr: 2.0315e-04 lr: 2.0315e-04  eta: 5:08:19  time: 2.5224  data_time: 0.0142  grad_norm: 5.2108  loss: 0.6435  loss_cls: 0.3336  loss_bbox: 0.2431  loss_mask: 0.0669
2026/09/18 01:26:46 - mmengine - INFO - Epoch(train) [15][300/722]  base_lr: 2.0315e-04 lr: 2.0315e-04  eta: 5:06:20  time: 2.4250  data_time: 0.0115  grad_norm: 4.8624  loss: 0.6073  loss_cls: 0.3207  loss_bbox: 0.2282  loss_mask: 0.0584
2026/09/18 01:28:47 - mmengine - INFO - Epoch(train) [15][350/722]  base_lr: 2.0315e-04 lr: 2.0315e-04  eta: 5:04:20  time: 2.4222  data_time: 0.0102  grad_norm: 5.1982  loss: 0.6970  loss_cls: 0.3325  loss_bbox: 0.2756  loss_mask: 0.0890
2026/09/18 01:30:59 - mmengine - INFO - Epoch(train) [15][400/722]  base_lr: 2.0315e-04 lr: 2.0315e-04  eta: 5:02:28  time: 2.6349  data_time: 0.0118  grad_norm: 4.1794  loss: 0.6022  loss_cls: 0.2970  loss_bbox: 0.2411  loss_mask: 0.0641
2026/09/18 01:33:00 - mmengine - INFO - Epoch(train) [15][450/722]  base_lr: 2.0315e-04 lr: 2.0315e-04  eta: 5:00:29  time: 2.4255  data_time: 0.0134  grad_norm: 5.0875  loss: 0.5986  loss_cls: 0.2968  loss_bbox: 0.2414  loss_mask: 0.0604
2026/09/18 01:35:03 - mmengine - INFO - Epoch(train) [15][500/722]  base_lr: 2.0315e-04 lr: 2.0315e-04  eta: 4:58:30  time: 2.4682  data_time: 0.0115  grad_norm: 5.5438  loss: 0.6857  loss_cls: 0.3719  loss_bbox: 0.2460  loss_mask: 0.0678
2026/09/18 01:37:08 - mmengine - INFO - Epoch(train) [15][550/722]  base_lr: 2.0315e-04 lr: 2.0315e-04  eta: 4:56:33  time: 2.5035  data_time: 0.0098  grad_norm: 4.6183  loss: 0.6296  loss_cls: 0.3036  loss_bbox: 0.2542  loss_mask: 0.0717
2026/09/18 01:39:19 - mmengine - INFO - Epoch(train) [15][600/722]  base_lr: 2.0315e-04 lr: 2.0315e-04  eta: 4:54:40  time: 2.6014  data_time: 0.0113  grad_norm: 4.4652  loss: 0.6264  loss_cls: 0.2960  loss_bbox: 0.2552  loss_mask: 0.0752
2026/09/18 01:41:17 - mmengine - INFO - Epoch(train) [15][650/722]  base_lr: 2.0315e-04 lr: 2.0315e-04  eta: 4:52:38  time: 2.3728  data_time: 0.0137  grad_norm: 4.8176  loss: 0.6164  loss_cls: 0.2710  loss_bbox: 0.2575  loss_mask: 0.0878
2026/09/18 01:43:12 - mmengine - INFO - Epoch(train) [15][700/722]  base_lr: 2.0315e-04 lr: 2.0315e-04  eta: 4:50:34  time: 2.3046  data_time: 0.0192  grad_norm: 5.1929  loss: 0.6965  loss_cls: 0.3334  loss_bbox: 0.2693  loss_mask: 0.0939
2026/09/18 01:44:06 - mmengine - INFO - Exp name: packdet_rtmdet_ins_20260917_182905
2026/09/18 01:44:06 - mmengine - INFO - Saving checkpoint at 15 epochs
2026/09/18 01:46:08 - mmengine - INFO - Epoch(train) [16][ 50/722]  base_lr: 1.7275e-04 lr: 1.7275e-04  eta: 4:47:41  time: 2.3993  data_time: 0.0100  grad_norm: 4.1423  loss: 0.5958  loss_cls: 0.2751  loss_bbox: 0.2527  loss_mask: 0.0680
2026/09/18 01:48:10 - mmengine - INFO - Epoch(train) [16][100/722]  base_lr: 1.7275e-04 lr: 1.7275e-04  eta: 4:45:42  time: 2.4448  data_time: 0.0147  grad_norm: 4.2694  loss: 0.5629  loss_cls: 0.2508  loss_bbox: 0.2358  loss_mask: 0.0762
2026/09/18 01:50:12 - mmengine - INFO - Epoch(train) [16][150/722]  base_lr: 1.7275e-04 lr: 1.7275e-04  eta: 4:43:43  time: 2.4357  data_time: 0.0109  grad_norm: 4.1917  loss: 0.5536  loss_cls: 0.2507  loss_bbox: 0.2347  loss_mask: 0.0681
2026/09/18 01:51:05 - mmengine - INFO - Exp name: packdet_rtmdet_ins_20260917_182905
2026/09/18 01:52:24 - mmengine - INFO - Epoch(train) [16][200/722]  base_lr: 1.7275e-04 lr: 1.7275e-04  eta: 4:41:50  time: 2.6387  data_time: 0.0120  grad_norm: 4.0071  loss: 0.5316  loss_cls: 0.2307  loss_bbox: 0.2358  loss_mask: 0.0651
2026/09/18 01:54:30 - mmengine - INFO - Epoch(train) [16][250/722]  base_lr: 1.7275e-04 lr: 1.7275e-04  eta: 4:39:53  time: 2.5255  data_time: 0.0137  grad_norm: 4.4341  loss: 0.5957  loss_cls: 0.2744  loss_bbox: 0.2467  loss_mask: 0.0746
2026/09/18 01:56:35 - mmengine - INFO - Epoch(train) [16][300/722]  base_lr: 1.7275e-04 lr: 1.7275e-04  eta: 4:37:55  time: 2.4852  data_time: 0.0105  grad_norm: 4.4785  loss: 0.5858  loss_cls: 0.2726  loss_bbox: 0.2446  loss_mask: 0.0686
2026/09/18 01:58:40 - mmengine - INFO - Epoch(train) [16][350/722]  base_lr: 1.7275e-04 lr: 1.7275e-04  eta: 4:35:57  time: 2.5140  data_time: 0.0179  grad_norm: 4.2929  loss: 0.5596  loss_cls: 0.2381  loss_bbox: 0.2447  loss_mask: 0.0768
2026/09/18 02:00:37 - mmengine - INFO - Epoch(train) [16][400/722]  base_lr: 1.7275e-04 lr: 1.7275e-04  eta: 4:33:54  time: 2.3256  data_time: 0.0132  grad_norm: 4.7722  loss: 0.5303  loss_cls: 0.2622  loss_bbox: 0.2177  loss_mask: 0.0503
2026/09/18 02:02:38 - mmengine - INFO - Epoch(train) [16][450/722]  base_lr: 1.7275e-04 lr: 1.7275e-04  eta: 4:31:55  time: 2.4389  data_time: 0.0140  grad_norm: 4.5013  loss: 0.6235  loss_cls: 0.2699  loss_bbox: 0.2669  loss_mask: 0.0867
2026/09/18 02:04:46 - mmengine - INFO - Epoch(train) [16][500/722]  base_lr: 1.7275e-04 lr: 1.7275e-04  eta: 4:29:59  time: 2.5578  data_time: 0.0129  grad_norm: 4.3458  loss: 0.5520  loss_cls: 0.2408  loss_bbox: 0.2388  loss_mask: 0.0723
2026/09/18 02:06:45 - mmengine - INFO - Epoch(train) [16][550/722]  base_lr: 1.7275e-04 lr: 1.7275e-04  eta: 4:27:57  time: 2.3633  data_time: 0.0119  grad_norm: 5.2739  loss: 0.5745  loss_cls: 0.2824  loss_bbox: 0.2346  loss_mask: 0.0575
2026/09/18 02:08:47 - mmengine - INFO - Epoch(train) [16][600/722]  base_lr: 1.7275e-04 lr: 1.7275e-04  eta: 4:25:58  time: 2.4579  data_time: 0.0130  grad_norm: 4.9671  loss: 0.5640  loss_cls: 0.2876  loss_bbox: 0.2214  loss_mask: 0.0551
2026/09/18 02:10:57 - mmengine - INFO - Epoch(train) [16][650/722]  base_lr: 1.7275e-04 lr: 1.7275e-04  eta: 4:24:02  time: 2.5897  data_time: 0.0124  grad_norm: 4.9121  loss: 0.6075  loss_cls: 0.3106  loss_bbox: 0.2331  loss_mask: 0.0638
2026/09/18 02:13:04 - mmengine - INFO - Epoch(train) [16][700/722]  base_lr: 1.7275e-04 lr: 1.7275e-04  eta: 4:22:05  time: 2.5381  data_time: 0.0117  grad_norm: 4.6651  loss: 0.5511  loss_cls: 0.2670  loss_bbox: 0.2290  loss_mask: 0.0551
2026/09/18 02:13:57 - mmengine - INFO - Exp name: packdet_rtmdet_ins_20260917_182905
2026/09/18 02:13:57 - mmengine - INFO - Saving checkpoint at 16 epochs
2026/09/18 02:16:04 - mmengine - INFO - Epoch(train) [17][ 50/722]  base_lr: 1.4356e-04 lr: 1.4356e-04  eta: 4:19:14  time: 2.5057  data_time: 0.0130  grad_norm: 4.3517  loss: 0.5287  loss_cls: 0.2394  loss_bbox: 0.2308  loss_mask: 0.0585
2026/09/18 02:18:08 - mmengine - INFO - Epoch(train) [17][100/722]  base_lr: 1.4356e-04 lr: 1.4356e-04  eta: 4:17:15  time: 2.4799  data_time: 0.0163  grad_norm: 3.8933  loss: 0.4923  loss_cls: 0.2248  loss_bbox: 0.2105  loss_mask: 0.0569
2026/09/18 02:20:19 - mmengine - INFO - Epoch(train) [17][150/722]  base_lr: 1.4356e-04 lr: 1.4356e-04  eta: 4:15:21  time: 2.6355  data_time: 0.0123  grad_norm: 4.2681  loss: 0.5458  loss_cls: 0.2277  loss_bbox: 0.2478  loss_mask: 0.0703
2026/09/18 02:22:23 - mmengine - INFO - Epoch(train) [17][200/722]  base_lr: 1.4356e-04 lr: 1.4356e-04  eta: 4:13:22  time: 2.4741  data_time: 0.0120  grad_norm: 4.0397  loss: 0.5096  loss_cls: 0.2226  loss_bbox: 0.2207  loss_mask: 0.0663
2026/09/18 02:24:16 - mmengine - INFO - Epoch(train) [17][250/722]  base_lr: 1.4356e-04 lr: 1.4356e-04  eta: 4:11:17  time: 2.2655  data_time: 0.0131  grad_norm: 4.8060  loss: 0.5065  loss_cls: 0.2290  loss_bbox: 0.2263  loss_mask: 0.0512
2026/09/18 02:26:16 - mmengine - INFO - Epoch(train) [17][300/722]  base_lr: 1.4356e-04 lr: 1.4356e-04  eta: 4:09:16  time: 2.3994  data_time: 0.0144  grad_norm: 4.4976  loss: 0.5378  loss_cls: 0.2137  loss_bbox: 0.2460  loss_mask: 0.0782
2026/09/18 02:28:27 - mmengine - INFO - Epoch(train) [17][350/722]  base_lr: 1.4356e-04 lr: 1.4356e-04  eta: 4:07:20  time: 2.6087  data_time: 0.0128  grad_norm: 3.9603  loss: 0.4971  loss_cls: 0.2302  loss_bbox: 0.2083  loss_mask: 0.0587
2026/09/18 02:30:31 - mmengine - INFO - Epoch(train) [17][400/722]  base_lr: 1.4356e-04 lr: 1.4356e-04  eta: 4:05:22  time: 2.4944  data_time: 0.0121  grad_norm: 4.6316  loss: 0.4695  loss_cls: 0.2173  loss_bbox: 0.2085  loss_mask: 0.0437
2026/09/18 02:32:30 - mmengine - INFO - Exp name: packdet_rtmdet_ins_20260917_182905
2026/09/18 02:32:36 - mmengine - INFO - Epoch(train) [17][450/722]  base_lr: 1.4356e-04 lr: 1.4356e-04  eta: 4:03:23  time: 2.4843  data_time: 0.0163  grad_norm: 4.4270  loss: 0.5308  loss_cls: 0.2282  loss_bbox: 0.2241  loss_mask: 0.0785
2026/09/18 02:34:35 - mmengine - INFO - Epoch(train) [17][500/722]  base_lr: 1.4356e-04 lr: 1.4356e-04  eta: 4:01:21  time: 2.3824  data_time: 0.0111  grad_norm: 4.9616  loss: 0.5298  loss_cls: 0.2663  loss_bbox: 0.2053  loss_mask: 0.0582
2026/09/18 02:36:37 - mmengine - INFO - Epoch(train) [17][550/722]  base_lr: 1.4356e-04 lr: 1.4356e-04  eta: 3:59:21  time: 2.4481  data_time: 0.0116  grad_norm: 4.3409  loss: 0.5430  loss_cls: 0.2514  loss_bbox: 0.2243  loss_mask: 0.0673
2026/09/18 02:38:40 - mmengine - INFO - Epoch(train) [17][600/722]  base_lr: 1.4356e-04 lr: 1.4356e-04  eta: 3:57:21  time: 2.4483  data_time: 0.0113  grad_norm: 4.3724  loss: 0.5343  loss_cls: 0.2255  loss_bbox: 0.2397  loss_mask: 0.0691
2026/09/18 02:40:50 - mmengine - INFO - Epoch(train) [17][650/722]  base_lr: 1.4356e-04 lr: 1.4356e-04  eta: 3:55:25  time: 2.6115  data_time: 0.0134  grad_norm: 4.0206  loss: 0.5148  loss_cls: 0.2180  loss_bbox: 0.2326  loss_mask: 0.0643
2026/09/18 02:42:58 - mmengine - INFO - Epoch(train) [17][700/722]  base_lr: 1.4356e-04 lr: 1.4356e-04  eta: 3:53:28  time: 2.5492  data_time: 0.0125  grad_norm: 4.0042  loss: 0.5273  loss_cls: 0.2328  loss_bbox: 0.2324  loss_mask: 0.0622
2026/09/18 02:43:52 - mmengine - INFO - Exp name: packdet_rtmdet_ins_20260917_182905
2026/09/18 02:43:52 - mmengine - INFO - Saving checkpoint at 17 epochs
2026/09/18 02:46:01 - mmengine - INFO - Epoch(train) [18][ 50/722]  base_lr: 1.1604e-04 lr: 1.1604e-04  eta: 3:50:37  time: 2.5440  data_time: 0.0132  grad_norm: 4.3445  loss: 0.5185  loss_cls: 0.2273  loss_bbox: 0.2271  loss_mask: 0.0641
2026/09/18 02:47:59 - mmengine - INFO - Epoch(train) [18][100/722]  base_lr: 1.1604e-04 lr: 1.1604e-04  eta: 3:48:35  time: 2.3612  data_time: 0.0169  grad_norm: 4.3220  loss: 0.4379  loss_cls: 0.1806  loss_bbox: 0.2025  loss_mask: 0.0548
2026/09/18 02:50:10 - mmengine - INFO - Epoch(train) [18][150/722]  base_lr: 1.1604e-04 lr: 1.1604e-04  eta: 3:46:39  time: 2.6212  data_time: 0.0104  grad_norm: 3.9534  loss: 0.4609  loss_cls: 0.2003  loss_bbox: 0.2044  loss_mask: 0.0562
2026/09/18 02:52:15 - mmengine - INFO - Epoch(train) [18][200/722]  base_lr: 1.1604e-04 lr: 1.1604e-04  eta: 3:44:40  time: 2.4954  data_time: 0.0108  grad_norm: 4.0054  loss: 0.4961  loss_cls: 0.2031  loss_bbox: 0.2278  loss_mask: 0.0652
2026/09/18 02:54:14 - mmengine - INFO - Epoch(train) [18][250/722]  base_lr: 1.1604e-04 lr: 1.1604e-04  eta: 3:42:39  time: 2.3964  data_time: 0.0151  grad_norm: 3.8803  loss: 0.4632  loss_cls: 0.1790  loss_bbox: 0.2106  loss_mask: 0.0736
2026/09/18 02:56:18 - mmengine - INFO - Epoch(train) [18][300/722]  base_lr: 1.1604e-04 lr: 1.1604e-04  eta: 3:40:39  time: 2.4769  data_time: 0.0099  grad_norm: 4.8439  loss: 0.5048  loss_cls: 0.2415  loss_bbox: 0.2098  loss_mask: 0.0536
2026/09/18 02:58:25 - mmengine - INFO - Epoch(train) [18][350/722]  base_lr: 1.1604e-04 lr: 1.1604e-04  eta: 3:38:41  time: 2.5339  data_time: 0.0114  grad_norm: 4.2889  loss: 0.4722  loss_cls: 0.2034  loss_bbox: 0.2095  loss_mask: 0.0593
2026/09/18 03:00:24 - mmengine - INFO - Epoch(train) [18][400/722]  base_lr: 1.1604e-04 lr: 1.1604e-04  eta: 3:36:39  time: 2.3840  data_time: 0.0143  grad_norm: 4.1255  loss: 0.4714  loss_cls: 0.2139  loss_bbox: 0.2030  loss_mask: 0.0544
2026/09/18 03:02:29 - mmengine - INFO - Epoch(train) [18][450/722]  base_lr: 1.1604e-04 lr: 1.1604e-04  eta: 3:34:40  time: 2.5060  data_time: 0.0114  grad_norm: 4.2424  loss: 0.5049  loss_cls: 0.2056  loss_bbox: 0.2364  loss_mask: 0.0629
2026/09/18 03:04:34 - mmengine - INFO - Epoch(train) [18][500/722]  base_lr: 1.1604e-04 lr: 1.1604e-04  eta: 3:32:40  time: 2.4917  data_time: 0.0171  grad_norm: 4.0465  loss: 0.4769  loss_cls: 0.1906  loss_bbox: 0.2222  loss_mask: 0.0641
2026/09/18 03:06:41 - mmengine - INFO - Epoch(train) [18][550/722]  base_lr: 1.1604e-04 lr: 1.1604e-04  eta: 3:30:42  time: 2.5316  data_time: 0.0105  grad_norm: 4.0143  loss: 0.4581  loss_cls: 0.1781  loss_bbox: 0.2130  loss_mask: 0.0671
2026/09/18 03:08:54 - mmengine - INFO - Epoch(train) [18][600/722]  base_lr: 1.1604e-04 lr: 1.1604e-04  eta: 3:28:46  time: 2.6687  data_time: 0.0154  grad_norm: 4.2728  loss: 0.4788  loss_cls: 0.1994  loss_bbox: 0.2189  loss_mask: 0.0605
2026/09/18 03:11:00 - mmengine - INFO - Epoch(train) [18][650/722]  base_lr: 1.1604e-04 lr: 1.1604e-04  eta: 3:26:47  time: 2.5180  data_time: 0.0106  grad_norm: 4.2727  loss: 0.4413  loss_cls: 0.1608  loss_bbox: 0.2179  loss_mask: 0.0626
2026/09/18 03:13:00 - mmengine - INFO - Epoch(train) [18][700/722]  base_lr: 1.1604e-04 lr: 1.1604e-04  eta: 3:24:45  time: 2.4004  data_time: 0.0126  grad_norm: 4.4901  loss: 0.4983  loss_cls: 0.2226  loss_bbox: 0.2154  loss_mask: 0.0603
2026/09/18 03:13:59 - mmengine - INFO - Exp name: packdet_rtmdet_ins_20260917_182905
2026/09/18 03:13:59 - mmengine - INFO - Saving checkpoint at 18 epochs
2026/09/18 03:14:10 - mmengine - INFO - Exp name: packdet_rtmdet_ins_20260917_182905
2026/09/18 03:16:03 - mmengine - INFO - Epoch(train) [19][ 50/722]  base_lr: 9.0644e-05 lr: 9.0644e-05  eta: 3:21:54  time: 2.4470  data_time: 0.0123  grad_norm: 3.8504  loss: 0.3793  loss_cls: 0.1569  loss_bbox: 0.1787  loss_mask: 0.0438
2026/09/18 03:18:05 - mmengine - INFO - Epoch(train) [19][100/722]  base_lr: 9.0644e-05 lr: 9.0644e-05  eta: 3:19:53  time: 2.4458  data_time: 0.0140  grad_norm: 3.8488  loss: 0.4185  loss_cls: 0.1606  loss_bbox: 0.2022  loss_mask: 0.0558
2026/09/18 03:20:05 - mmengine - INFO - Epoch(train) [19][150/722]  base_lr: 9.0644e-05 lr: 9.0644e-05  eta: 3:17:52  time: 2.3977  data_time: 0.0129  grad_norm: 4.2008  loss: 0.4894  loss_cls: 0.1963  loss_bbox: 0.2180  loss_mask: 0.0751
2026/09/18 03:22:10 - mmengine - INFO - Epoch(train) [19][200/722]  base_lr: 9.0644e-05 lr: 9.0644e-05  eta: 3:15:52  time: 2.4921  data_time: 0.0123  grad_norm: 3.9304  loss: 0.4431  loss_cls: 0.1896  loss_bbox: 0.1974  loss_mask: 0.0561
2026/09/18 03:24:25 - mmengine - INFO - Epoch(train) [19][250/722]  base_lr: 9.0644e-05 lr: 9.0644e-05  eta: 3:13:56  time: 2.7070  data_time: 0.0182  grad_norm: 3.4334  loss: 0.4481  loss_cls: 0.1858  loss_bbox: 0.2006  loss_mask: 0.0616
2026/09/18 03:26:32 - mmengine - INFO - Epoch(train) [19][300/722]  base_lr: 9.0644e-05 lr: 9.0644e-05  eta: 3:11:57  time: 2.5268  data_time: 0.0120  grad_norm: 3.8550  loss: 0.4370  loss_cls: 0.1736  loss_bbox: 0.2042  loss_mask: 0.0591
2026/09/18 03:28:42 - mmengine - INFO - Epoch(train) [19][350/722]  base_lr: 9.0644e-05 lr: 9.0644e-05  eta: 3:09:59  time: 2.5978  data_time: 0.0129  grad_norm: 3.8283  loss: 0.4079  loss_cls: 0.1686  loss_bbox: 0.1904  loss_mask: 0.0489
2026/09/18 03:30:48 - mmengine - INFO - Epoch(train) [19][400/722]  base_lr: 9.0644e-05 lr: 9.0644e-05  eta: 3:08:00  time: 2.5266  data_time: 0.0096  grad_norm: 4.0726  loss: 0.4828  loss_cls: 0.1889  loss_bbox: 0.2265  loss_mask: 0.0674
2026/09/18 03:32:51 - mmengine - INFO - Epoch(train) [19][450/722]  base_lr: 9.0644e-05 lr: 9.0644e-05  eta: 3:05:59  time: 2.4587  data_time: 0.0113  grad_norm: 3.8782  loss: 0.4273  loss_cls: 0.1590  loss_bbox: 0.2013  loss_mask: 0.0671
2026/09/18 03:34:52 - mmengine - INFO - Epoch(train) [19][500/722]  base_lr: 9.0644e-05 lr: 9.0644e-05  eta: 3:03:58  time: 2.4165  data_time: 0.0151  grad_norm: 3.3745  loss: 0.3662  loss_cls: 0.1378  loss_bbox: 0.1831  loss_mask: 0.0454
2026/09/18 03:36:51 - mmengine - INFO - Epoch(train) [19][550/722]  base_lr: 9.0644e-05 lr: 9.0644e-05  eta: 3:01:56  time: 2.3791  data_time: 0.0132  grad_norm: 3.7346  loss: 0.3823  loss_cls: 0.1501  loss_bbox: 0.1834  loss_mask: 0.0488
2026/09/18 03:38:56 - mmengine - INFO - Epoch(train) [19][600/722]  base_lr: 9.0644e-05 lr: 9.0644e-05  eta: 2:59:56  time: 2.4988  data_time: 0.0101  grad_norm: 3.8584  loss: 0.4438  loss_cls: 0.1841  loss_bbox: 0.2070  loss_mask: 0.0527
2026/09/18 03:40:59 - mmengine - INFO - Epoch(train) [19][650/722]  base_lr: 9.0644e-05 lr: 9.0644e-05  eta: 2:57:55  time: 2.4632  data_time: 0.0100  grad_norm: 3.5797  loss: 0.4212  loss_cls: 0.1672  loss_bbox: 0.1939  loss_mask: 0.0600
2026/09/18 03:43:02 - mmengine - INFO - Epoch(train) [19][700/722]  base_lr: 9.0644e-05 lr: 9.0644e-05  eta: 2:55:55  time: 2.4672  data_time: 0.0164  grad_norm: 3.7309  loss: 0.3933  loss_cls: 0.1494  loss_bbox: 0.1927  loss_mask: 0.0512
2026/09/18 03:44:00 - mmengine - INFO - Exp name: packdet_rtmdet_ins_20260917_182905
2026/09/18 03:44:00 - mmengine - INFO - Saving checkpoint at 19 epochs
2026/09/18 03:46:08 - mmengine - INFO - Epoch(train) [20][ 50/722]  base_lr: 6.7758e-05 lr: 6.7758e-05  eta: 2:53:03  time: 2.5450  data_time: 0.0122  grad_norm: 3.5732  loss: 0.3927  loss_cls: 0.1484  loss_bbox: 0.1931  loss_mask: 0.0511
2026/09/18 03:48:13 - mmengine - INFO - Epoch(train) [20][100/722]  base_lr: 6.7758e-05 lr: 6.7758e-05  eta: 2:51:03  time: 2.4876  data_time: 0.0121  grad_norm: 3.5066  loss: 0.3543  loss_cls: 0.1365  loss_bbox: 0.1753  loss_mask: 0.0425
2026/09/18 03:50:17 - mmengine - INFO - Epoch(train) [20][150/722]  base_lr: 6.7758e-05 lr: 6.7758e-05  eta: 2:49:03  time: 2.4753  data_time: 0.0151  grad_norm: 3.6178  loss: 0.4312  loss_cls: 0.1711  loss_bbox: 0.1922  loss_mask: 0.0680
2026/09/18 03:52:14 - mmengine - INFO - Epoch(train) [20][200/722]  base_lr: 6.7758e-05 lr: 6.7758e-05  eta: 2:47:00  time: 2.3405  data_time: 0.0140  grad_norm: 3.7579  loss: 0.3853  loss_cls: 0.1427  loss_bbox: 0.1841  loss_mask: 0.0586
2026/09/18 03:54:22 - mmengine - INFO - Epoch(train) [20][250/722]  base_lr: 6.7758e-05 lr: 6.7758e-05  eta: 2:45:01  time: 2.5772  data_time: 0.0123  grad_norm: 3.9008  loss: 0.4283  loss_cls: 0.1568  loss_bbox: 0.2128  loss_mask: 0.0587
2026/09/18 03:55:46 - mmengine - INFO - Exp name: packdet_rtmdet_ins_20260917_182905
2026/09/18 03:56:29 - mmengine - INFO - Epoch(train) [20][300/722]  base_lr: 6.7758e-05 lr: 6.7758e-05  eta: 2:43:01  time: 2.5229  data_time: 0.0178  grad_norm: 3.6307  loss: 0.4142  loss_cls: 0.1489  loss_bbox: 0.1973  loss_mask: 0.0680
2026/09/18 03:58:34 - mmengine - INFO - Epoch(train) [20][350/722]  base_lr: 6.7758e-05 lr: 6.7758e-05  eta: 2:41:01  time: 2.4983  data_time: 0.0120  grad_norm: 3.5139  loss: 0.4006  loss_cls: 0.1617  loss_bbox: 0.1847  loss_mask: 0.0542
2026/09/18 04:00:32 - mmengine - INFO - Epoch(train) [20][400/722]  base_lr: 6.7758e-05 lr: 6.7758e-05  eta: 2:38:59  time: 2.3734  data_time: 0.0153  grad_norm: 3.5572  loss: 0.3934  loss_cls: 0.1417  loss_bbox: 0.1972  loss_mask: 0.0546
2026/09/18 04:02:36 - mmengine - INFO - Epoch(train) [20][450/722]  base_lr: 6.7758e-05 lr: 6.7758e-05  eta: 2:36:58  time: 2.4764  data_time: 0.0137  grad_norm: 3.2308  loss: 0.3674  loss_cls: 0.1284  loss_bbox: 0.1837  loss_mask: 0.0552
2026/09/18 04:04:37 - mmengine - INFO - Epoch(train) [20][500/722]  base_lr: 6.7758e-05 lr: 6.7758e-05  eta: 2:34:57  time: 2.4274  data_time: 0.0115  grad_norm: 4.0180  loss: 0.4047  loss_cls: 0.1489  loss_bbox: 0.1950  loss_mask: 0.0607
2026/09/18 04:06:44 - mmengine - INFO - Epoch(train) [20][550/722]  base_lr: 6.7758e-05 lr: 6.7758e-05  eta: 2:32:57  time: 2.5236  data_time: 0.0113  grad_norm: 4.5029  loss: 0.4142  loss_cls: 0.1687  loss_bbox: 0.1924  loss_mask: 0.0531
2026/09/18 04:08:50 - mmengine - INFO - Epoch(train) [20][600/722]  base_lr: 6.7758e-05 lr: 6.7758e-05  eta: 2:30:57  time: 2.5381  data_time: 0.0129  grad_norm: 3.6429  loss: 0.3693  loss_cls: 0.1478  loss_bbox: 0.1767  loss_mask: 0.0448
2026/09/18 04:10:57 - mmengine - INFO - Epoch(train) [20][650/722]  base_lr: 6.7758e-05 lr: 6.7758e-05  eta: 2:28:57  time: 2.5361  data_time: 0.0117  grad_norm: 3.8661  loss: 0.3679  loss_cls: 0.1442  loss_bbox: 0.1769  loss_mask: 0.0468
2026/09/18 04:13:05 - mmengine - INFO - Epoch(train) [20][700/722]  base_lr: 6.7758e-05 lr: 6.7758e-05  eta: 2:26:57  time: 2.5555  data_time: 0.0091  grad_norm: 4.4021  loss: 0.4121  loss_cls: 0.1731  loss_bbox: 0.1858  loss_mask: 0.0532
2026/09/18 04:14:01 - mmengine - INFO - Exp name: packdet_rtmdet_ins_20260917_182905
2026/09/18 04:14:01 - mmengine - INFO - Saving checkpoint at 20 epochs
2026/09/18 04:16:13 - mmengine - INFO - Epoch(train) [21][ 50/722]  base_lr: 4.7746e-05 lr: 4.7746e-05  eta: 2:24:05  time: 2.6045  data_time: 0.0110  grad_norm: 3.4920  loss: 0.4231  loss_cls: 0.1576  loss_bbox: 0.1999  loss_mask: 0.0656
2026/09/18 04:18:20 - mmengine - INFO - Epoch(train) [21][100/722]  base_lr: 4.7746e-05 lr: 4.7746e-05  eta: 2:22:05  time: 2.5271  data_time: 0.0126  grad_norm: 3.3358  loss: 0.3737  loss_cls: 0.1487  loss_bbox: 0.1745  loss_mask: 0.0505
2026/09/18 04:20:24 - mmengine - INFO - Epoch(train) [21][150/722]  base_lr: 4.7746e-05 lr: 4.7746e-05  eta: 2:20:04  time: 2.4834  data_time: 0.0119  grad_norm: 3.6104  loss: 0.4561  loss_cls: 0.1698  loss_bbox: 0.2158  loss_mask: 0.0705
2026/09/18 04:22:28 - mmengine - INFO - Epoch(train) [21][200/722]  base_lr: 4.7746e-05 lr: 4.7746e-05  eta: 2:18:03  time: 2.4737  data_time: 0.0159  grad_norm: 3.6577  loss: 0.3635  loss_cls: 0.1464  loss_bbox: 0.1736  loss_mask: 0.0436
2026/09/18 04:24:33 - mmengine - INFO - Epoch(train) [21][250/722]  base_lr: 4.7746e-05 lr: 4.7746e-05  eta: 2:16:03  time: 2.5148  data_time: 0.0095  grad_norm: 3.4740  loss: 0.3575  loss_cls: 0.1410  loss_bbox: 0.1699  loss_mask: 0.0466
2026/09/18 04:26:38 - mmengine - INFO - Epoch(train) [21][300/722]  base_lr: 4.7746e-05 lr: 4.7746e-05  eta: 2:14:02  time: 2.4924  data_time: 0.0167  grad_norm: 2.9829  loss: 0.3530  loss_cls: 0.1299  loss_bbox: 0.1722  loss_mask: 0.0509
2026/09/18 04:28:40 - mmengine - INFO - Epoch(train) [21][350/722]  base_lr: 4.7746e-05 lr: 4.7746e-05  eta: 2:12:01  time: 2.4469  data_time: 0.0140  grad_norm: 3.1422  loss: 0.3723  loss_cls: 0.1222  loss_bbox: 0.1849  loss_mask: 0.0651
2026/09/18 04:30:44 - mmengine - INFO - Epoch(train) [21][400/722]  base_lr: 4.7746e-05 lr: 4.7746e-05  eta: 2:10:00  time: 2.4768  data_time: 0.0115  grad_norm: 3.3785  loss: 0.3829  loss_cls: 0.1505  loss_bbox: 0.1831  loss_mask: 0.0493
2026/09/18 04:32:52 - mmengine - INFO - Epoch(train) [21][450/722]  base_lr: 4.7746e-05 lr: 4.7746e-05  eta: 2:08:00  time: 2.5522  data_time: 0.0112  grad_norm: 3.5021  loss: 0.3565  loss_cls: 0.1318  loss_bbox: 0.1747  loss_mask: 0.0500
2026/09/18 04:35:00 - mmengine - INFO - Epoch(train) [21][500/722]  base_lr: 4.7746e-05 lr: 4.7746e-05  eta: 2:06:00  time: 2.5695  data_time: 0.0126  grad_norm: 3.3200  loss: 0.3746  loss_cls: 0.1294  loss_bbox: 0.1902  loss_mask: 0.0551
2026/09/18 04:37:05 - mmengine - INFO - Epoch(train) [21][550/722]  base_lr: 4.7746e-05 lr: 4.7746e-05  eta: 2:03:59  time: 2.4922  data_time: 0.0148  grad_norm: 3.4886  loss: 0.3693  loss_cls: 0.1342  loss_bbox: 0.1758  loss_mask: 0.0594
2026/09/18 04:37:28 - mmengine - INFO - Exp name: packdet_rtmdet_ins_20260917_182905
2026/09/18 04:38:59 - mmengine - INFO - Epoch(train) [21][600/722]  base_lr: 4.7746e-05 lr: 4.7746e-05  eta: 2:01:56  time: 2.2918  data_time: 0.0133  grad_norm: 3.6692  loss: 0.3408  loss_cls: 0.1269  loss_bbox: 0.1707  loss_mask: 0.0432
2026/09/18 04:41:02 - mmengine - INFO - Epoch(train) [21][650/722]  base_lr: 4.7746e-05 lr: 4.7746e-05  eta: 1:59:54  time: 2.4537  data_time: 0.0153  grad_norm: 3.4653  loss: 0.3623  loss_cls: 0.1326  loss_bbox: 0.1780  loss_mask: 0.0517
2026/09/18 04:43:09 - mmengine - INFO - Epoch(train) [21][700/722]  base_lr: 4.7746e-05 lr: 4.7746e-05  eta: 1:57:54  time: 2.5300  data_time: 0.0116  grad_norm: 3.3046  loss: 0.3382  loss_cls: 0.1186  loss_bbox: 0.1712  loss_mask: 0.0483
2026/09/18 04:44:05 - mmengine - INFO - Exp name: packdet_rtmdet_ins_20260917_182905
2026/09/18 04:44:05 - mmengine - INFO - Saving checkpoint at 21 epochs
2026/09/18 04:46:13 - mmengine - INFO - Epoch(train) [22][ 50/722]  base_lr: 3.0923e-05 lr: 3.0923e-05  eta: 1:55:00  time: 2.5257  data_time: 0.0116  grad_norm: 3.2063  loss: 0.3852  loss_cls: 0.1255  loss_bbox: 0.1897  loss_mask: 0.0700
2026/09/18 04:48:25 - mmengine - INFO - Epoch(train) [22][100/722]  base_lr: 3.0923e-05 lr: 3.0923e-05  eta: 1:53:00  time: 2.6371  data_time: 0.0096  grad_norm: 3.2865  loss: 0.3478  loss_cls: 0.1281  loss_bbox: 0.1709  loss_mask: 0.0489
2026/09/18 04:50:24 - mmengine - INFO - Epoch(train) [22][150/722]  base_lr: 3.0923e-05 lr: 3.0923e-05  eta: 1:50:58  time: 2.3883  data_time: 0.0112  grad_norm: 3.4802  loss: 0.3333  loss_cls: 0.1184  loss_bbox: 0.1663  loss_mask: 0.0486
2026/09/18 04:52:34 - mmengine - INFO - Epoch(train) [22][200/722]  base_lr: 3.0923e-05 lr: 3.0923e-05  eta: 1:48:58  time: 2.5936  data_time: 0.0167  grad_norm: 3.1459  loss: 0.3537  loss_cls: 0.1309  loss_bbox: 0.1722  loss_mask: 0.0506
2026/09/18 04:54:39 - mmengine - INFO - Epoch(train) [22][250/722]  base_lr: 3.0923e-05 lr: 3.0923e-05  eta: 1:46:57  time: 2.5005  data_time: 0.0112  grad_norm: 3.1376  loss: 0.3270  loss_cls: 0.1171  loss_bbox: 0.1603  loss_mask: 0.0496
2026/09/18 04:56:41 - mmengine - INFO - Epoch(train) [22][300/722]  base_lr: 3.0923e-05 lr: 3.0923e-05  eta: 1:44:56  time: 2.4454  data_time: 0.0134  grad_norm: 3.1696  loss: 0.3491  loss_cls: 0.1236  loss_bbox: 0.1723  loss_mask: 0.0532
2026/09/18 04:58:47 - mmengine - INFO - Epoch(train) [22][350/722]  base_lr: 3.0923e-05 lr: 3.0923e-05  eta: 1:42:55  time: 2.5248  data_time: 0.0126  grad_norm: 3.0237  loss: 0.3230  loss_cls: 0.1192  loss_bbox: 0.1599  loss_mask: 0.0439
2026/09/18 05:00:58 - mmengine - INFO - Epoch(train) [22][400/722]  base_lr: 3.0923e-05 lr: 3.0923e-05  eta: 1:40:55  time: 2.6144  data_time: 0.0117  grad_norm: 2.9516  loss: 0.3605  loss_cls: 0.1294  loss_bbox: 0.1785  loss_mask: 0.0526
2026/09/18 05:03:05 - mmengine - INFO - Epoch(train) [22][450/722]  base_lr: 3.0923e-05 lr: 3.0923e-05  eta: 1:38:54  time: 2.5318  data_time: 0.0139  grad_norm: 3.0999  loss: 0.3568  loss_cls: 0.1198  loss_bbox: 0.1819  loss_mask: 0.0551
2026/09/18 05:05:06 - mmengine - INFO - Epoch(train) [22][500/722]  base_lr: 3.0923e-05 lr: 3.0923e-05  eta: 1:36:52  time: 2.4275  data_time: 0.0111  grad_norm: 3.1684  loss: 0.3279  loss_cls: 0.1197  loss_bbox: 0.1576  loss_mask: 0.0506
2026/09/18 05:07:08 - mmengine - INFO - Epoch(train) [22][550/722]  base_lr: 3.0923e-05 lr: 3.0923e-05  eta: 1:34:50  time: 2.4389  data_time: 0.0140  grad_norm: 3.2902  loss: 0.3791  loss_cls: 0.1336  loss_bbox: 0.1891  loss_mask: 0.0565
2026/09/18 05:09:15 - mmengine - INFO - Epoch(train) [22][600/722]  base_lr: 3.0923e-05 lr: 3.0923e-05  eta: 1:32:49  time: 2.5424  data_time: 0.0126  grad_norm: 2.8984  loss: 0.3355  loss_cls: 0.1188  loss_bbox: 0.1674  loss_mask: 0.0493
2026/09/18 05:11:14 - mmengine - INFO - Epoch(train) [22][650/722]  base_lr: 3.0923e-05 lr: 3.0923e-05  eta: 1:30:47  time: 2.3840  data_time: 0.0186  grad_norm: 3.1346  loss: 0.3520  loss_cls: 0.1413  loss_bbox: 0.1672  loss_mask: 0.0436
2026/09/18 05:13:15 - mmengine - INFO - Epoch(train) [22][700/722]  base_lr: 3.0923e-05 lr: 3.0923e-05  eta: 1:28:45  time: 2.4146  data_time: 0.0132  grad_norm: 3.3150  loss: 0.3553  loss_cls: 0.1191  loss_bbox: 0.1815  loss_mask: 0.0547
2026/09/18 05:14:08 - mmengine - INFO - Exp name: packdet_rtmdet_ins_20260917_182905
2026/09/18 05:14:08 - mmengine - INFO - Saving checkpoint at 22 epochs
2026/09/18 05:16:16 - mmengine - INFO - Epoch(train) [23][ 50/722]  base_lr: 1.7556e-05 lr: 1.7556e-05  eta: 1:25:51  time: 2.5358  data_time: 0.0092  grad_norm: 3.0662  loss: 0.3343  loss_cls: 0.1158  loss_bbox: 0.1640  loss_mask: 0.0545
2026/09/18 05:18:20 - mmengine - INFO - Epoch(train) [23][100/722]  base_lr: 1.7556e-05 lr: 1.7556e-05  eta: 1:23:49  time: 2.4733  data_time: 0.0113  grad_norm: 2.9881  loss: 0.3343  loss_cls: 0.1187  loss_bbox: 0.1692  loss_mask: 0.0464
2026/09/18 05:18:57 - mmengine - INFO - Exp name: packdet_rtmdet_ins_20260917_182905
2026/09/18 05:20:22 - mmengine - INFO - Epoch(train) [23][150/722]  base_lr: 1.7556e-05 lr: 1.7556e-05  eta: 1:21:48  time: 2.4429  data_time: 0.0129  grad_norm: 3.0505  loss: 0.3244  loss_cls: 0.1093  loss_bbox: 0.1547  loss_mask: 0.0603
2026/09/18 05:22:24 - mmengine - INFO - Epoch(train) [23][200/722]  base_lr: 1.7556e-05 lr: 1.7556e-05  eta: 1:19:46  time: 2.4315  data_time: 0.0127  grad_norm: 2.9110  loss: 0.2975  loss_cls: 0.1051  loss_bbox: 0.1496  loss_mask: 0.0428
2026/09/18 05:24:27 - mmengine - INFO - Epoch(train) [23][250/722]  base_lr: 1.7556e-05 lr: 1.7556e-05  eta: 1:17:44  time: 2.4729  data_time: 0.0131  grad_norm: 2.9783  loss: 0.3318  loss_cls: 0.1126  loss_bbox: 0.1627  loss_mask: 0.0564
2026/09/18 05:26:43 - mmengine - INFO - Epoch(train) [23][300/722]  base_lr: 1.7556e-05 lr: 1.7556e-05  eta: 1:15:44  time: 2.7067  data_time: 0.0148  grad_norm: 3.0649  loss: 0.3685  loss_cls: 0.1358  loss_bbox: 0.1778  loss_mask: 0.0549
2026/09/18 05:28:44 - mmengine - INFO - Epoch(train) [23][350/722]  base_lr: 1.7556e-05 lr: 1.7556e-05  eta: 1:13:42  time: 2.4281  data_time: 0.0146  grad_norm: 3.2130  loss: 0.3286  loss_cls: 0.1204  loss_bbox: 0.1579  loss_mask: 0.0503
2026/09/18 05:30:49 - mmengine - INFO - Epoch(train) [23][400/722]  base_lr: 1.7556e-05 lr: 1.7556e-05  eta: 1:11:41  time: 2.4937  data_time: 0.0116  grad_norm: 3.2661  loss: 0.3628  loss_cls: 0.1349  loss_bbox: 0.1771  loss_mask: 0.0508
2026/09/18 05:32:56 - mmengine - INFO - Epoch(train) [23][450/722]  base_lr: 1.7556e-05 lr: 1.7556e-05  eta: 1:09:40  time: 2.5384  data_time: 0.0141  grad_norm: 2.9723  loss: 0.3229  loss_cls: 0.1215  loss_bbox: 0.1580  loss_mask: 0.0435
2026/09/18 05:35:09 - mmengine - INFO - Epoch(train) [23][500/722]  base_lr: 1.7556e-05 lr: 1.7556e-05  eta: 1:07:39  time: 2.6646  data_time: 0.0176  grad_norm: 3.1255  loss: 0.3897  loss_cls: 0.1337  loss_bbox: 0.1946  loss_mask: 0.0614
2026/09/18 05:37:11 - mmengine - INFO - Epoch(train) [23][550/722]  base_lr: 1.7556e-05 lr: 1.7556e-05  eta: 1:05:37  time: 2.4423  data_time: 0.0129  grad_norm: 3.1573  loss: 0.3506  loss_cls: 0.1189  loss_bbox: 0.1803  loss_mask: 0.0514
2026/09/18 05:39:16 - mmengine - INFO - Epoch(train) [23][600/722]  base_lr: 1.7556e-05 lr: 1.7556e-05  eta: 1:03:36  time: 2.4955  data_time: 0.0135  grad_norm: 3.0081  loss: 0.3144  loss_cls: 0.1077  loss_bbox: 0.1633  loss_mask: 0.0434
2026/09/18 05:41:21 - mmengine - INFO - Epoch(train) [23][650/722]  base_lr: 1.7556e-05 lr: 1.7556e-05  eta: 1:01:34  time: 2.5004  data_time: 0.0139  grad_norm: 2.8426  loss: 0.3164  loss_cls: 0.1071  loss_bbox: 0.1617  loss_mask: 0.0476
2026/09/18 05:43:28 - mmengine - INFO - Epoch(train) [23][700/722]  base_lr: 1.7556e-05 lr: 1.7556e-05  eta: 0:59:33  time: 2.5499  data_time: 0.0096  grad_norm: 2.8921  loss: 0.3423  loss_cls: 0.1285  loss_bbox: 0.1650  loss_mask: 0.0488
2026/09/18 05:44:19 - mmengine - INFO - Exp name: packdet_rtmdet_ins_20260917_182905
2026/09/18 05:44:19 - mmengine - INFO - Saving checkpoint at 23 epochs
2026/09/18 05:46:31 - mmengine - INFO - Epoch(train) [24][ 50/722]  base_lr: 7.8542e-06 lr: 7.8542e-06  eta: 0:56:38  time: 2.6027  data_time: 0.0106  grad_norm: 2.8120  loss: 0.3143  loss_cls: 0.1197  loss_bbox: 0.1519  loss_mask: 0.0427
2026/09/18 05:48:39 - mmengine - INFO - Epoch(train) [24][100/722]  base_lr: 7.8542e-06 lr: 7.8542e-06  eta: 0:54:36  time: 2.5534  data_time: 0.0120  grad_norm: 3.2401  loss: 0.3425  loss_cls: 0.1373  loss_bbox: 0.1607  loss_mask: 0.0444
2026/09/18 05:50:39 - mmengine - INFO - Epoch(train) [24][150/722]  base_lr: 7.8542e-06 lr: 7.8542e-06  eta: 0:52:34  time: 2.4062  data_time: 0.0123  grad_norm: 3.0023  loss: 0.3191  loss_cls: 0.1033  loss_bbox: 0.1604  loss_mask: 0.0554
2026/09/18 05:52:43 - mmengine - INFO - Epoch(train) [24][200/722]  base_lr: 7.8542e-06 lr: 7.8542e-06  eta: 0:50:33  time: 2.4720  data_time: 0.0108  grad_norm: 3.1250  loss: 0.3750  loss_cls: 0.1172  loss_bbox: 0.2011  loss_mask: 0.0567
2026/09/18 05:54:47 - mmengine - INFO - Epoch(train) [24][250/722]  base_lr: 7.8542e-06 lr: 7.8542e-06  eta: 0:48:31  time: 2.4821  data_time: 0.0118  grad_norm: 3.1299  loss: 0.3378  loss_cls: 0.1103  loss_bbox: 0.1686  loss_mask: 0.0588
2026/09/18 05:56:47 - mmengine - INFO - Epoch(train) [24][300/722]  base_lr: 7.8542e-06 lr: 7.8542e-06  eta: 0:46:29  time: 2.3974  data_time: 0.0121  grad_norm: 2.8460  loss: 0.2992  loss_cls: 0.1054  loss_bbox: 0.1482  loss_mask: 0.0456
2026/09/18 05:58:55 - mmengine - INFO - Epoch(train) [24][350/722]  base_lr: 7.8542e-06 lr: 7.8542e-06  eta: 0:44:27  time: 2.5765  data_time: 0.0154  grad_norm: 2.6958  loss: 0.3261  loss_cls: 0.1113  loss_bbox: 0.1592  loss_mask: 0.0556
2026/09/18 06:00:45 - mmengine - INFO - Exp name: packdet_rtmdet_ins_20260917_182905
2026/09/18 06:01:01 - mmengine - INFO - Epoch(train) [24][400/722]  base_lr: 7.8542e-06 lr: 7.8542e-06  eta: 0:42:26  time: 2.5053  data_time: 0.0112  grad_norm: 2.9140  loss: 0.3326  loss_cls: 0.1146  loss_bbox: 0.1667  loss_mask: 0.0513
2026/09/18 06:03:06 - mmengine - INFO - Epoch(train) [24][450/722]  base_lr: 7.8542e-06 lr: 7.8542e-06  eta: 0:40:24  time: 2.4961  data_time: 0.0109  grad_norm: 2.8610  loss: 0.3274  loss_cls: 0.1122  loss_bbox: 0.1693  loss_mask: 0.0459
2026/09/18 06:05:09 - mmengine - INFO - Epoch(train) [24][500/722]  base_lr: 7.8542e-06 lr: 7.8542e-06  eta: 0:38:22  time: 2.4751  data_time: 0.0124  grad_norm: 3.0511  loss: 0.3121  loss_cls: 0.1094  loss_bbox: 0.1578  loss_mask: 0.0449
2026/09/18 06:07:10 - mmengine - INFO - Epoch(train) [24][550/722]  base_lr: 7.8542e-06 lr: 7.8542e-06  eta: 0:36:20  time: 2.4158  data_time: 0.0120  grad_norm: 2.9917  loss: 0.2834  loss_cls: 0.0985  loss_bbox: 0.1481  loss_mask: 0.0367
2026/09/18 06:09:18 - mmengine - INFO - Epoch(train) [24][600/722]  base_lr: 7.8542e-06 lr: 7.8542e-06  eta: 0:34:18  time: 2.5609  data_time: 0.0133  grad_norm: 2.7646  loss: 0.3232  loss_cls: 0.1097  loss_bbox: 0.1633  loss_mask: 0.0502
2026/09/18 06:11:27 - mmengine - INFO - Epoch(train) [24][650/722]  base_lr: 7.8542e-06 lr: 7.8542e-06  eta: 0:32:17  time: 2.5718  data_time: 0.0227  grad_norm: 2.7993  loss: 0.3456  loss_cls: 0.1295  loss_bbox: 0.1622  loss_mask: 0.0539
2026/09/18 06:13:29 - mmengine - INFO - Epoch(train) [24][700/722]  base_lr: 7.8542e-06 lr: 7.8542e-06  eta: 0:30:15  time: 2.4468  data_time: 0.0169  grad_norm: 2.8889  loss: 0.3271  loss_cls: 0.1174  loss_bbox: 0.1583  loss_mask: 0.0514
2026/09/18 06:14:27 - mmengine - INFO - Exp name: packdet_rtmdet_ins_20260917_182905
2026/09/18 06:14:27 - mmengine - INFO - Saving checkpoint at 24 epochs
2026/09/18 06:16:38 - mmengine - INFO - Epoch(train) [25][ 50/722]  base_lr: 1.9713e-06 lr: 1.9713e-06  eta: 0:27:19  time: 2.5906  data_time: 0.0153  grad_norm: 2.8202  loss: 0.3154  loss_cls: 0.1098  loss_bbox: 0.1554  loss_mask: 0.0502
2026/09/18 06:18:44 - mmengine - INFO - Epoch(train) [25][100/722]  base_lr: 1.9713e-06 lr: 1.9713e-06  eta: 0:25:18  time: 2.5231  data_time: 0.0122  grad_norm: 2.9059  loss: 0.3578  loss_cls: 0.1160  loss_bbox: 0.1809  loss_mask: 0.0608
2026/09/18 06:20:58 - mmengine - INFO - Epoch(train) [25][150/722]  base_lr: 1.9713e-06 lr: 1.9713e-06  eta: 0:23:16  time: 2.6731  data_time: 0.0130  grad_norm: 2.7873  loss: 0.3335  loss_cls: 0.1215  loss_bbox: 0.1640  loss_mask: 0.0481
2026/09/18 06:23:01 - mmengine - INFO - Epoch(train) [25][200/722]  base_lr: 1.9713e-06 lr: 1.9713e-06  eta: 0:21:14  time: 2.4738  data_time: 0.0119  grad_norm: 2.7986  loss: 0.3212  loss_cls: 0.1086  loss_bbox: 0.1603  loss_mask: 0.0522
2026/09/18 06:25:00 - mmengine - INFO - Epoch(train) [25][250/722]  base_lr: 1.9713e-06 lr: 1.9713e-06  eta: 0:19:12  time: 2.3813  data_time: 0.0137  grad_norm: 2.8405  loss: 0.2925  loss_cls: 0.1026  loss_bbox: 0.1464  loss_mask: 0.0434
2026/09/18 06:27:10 - mmengine - INFO - Epoch(train) [25][300/722]  base_lr: 1.9713e-06 lr: 1.9713e-06  eta: 0:17:10  time: 2.6017  data_time: 0.0186  grad_norm: 2.8377  loss: 0.3551  loss_cls: 0.1295  loss_bbox: 0.1665  loss_mask: 0.0592
2026/09/18 06:29:17 - mmengine - INFO - Epoch(train) [25][350/722]  base_lr: 1.9713e-06 lr: 1.9713e-06  eta: 0:15:08  time: 2.5329  data_time: 0.0158  grad_norm: 2.6294  loss: 0.3961  loss_cls: 0.1277  loss_bbox: 0.1970  loss_mask: 0.0714
2026/09/18 06:31:20 - mmengine - INFO - Epoch(train) [25][400/722]  base_lr: 1.9713e-06 lr: 1.9713e-06  eta: 0:13:06  time: 2.4479  data_time: 0.0132  grad_norm: 2.9106  loss: 0.3119  loss_cls: 0.1051  loss_bbox: 0.1614  loss_mask: 0.0454
2026/09/18 06:33:29 - mmengine - INFO - Epoch(train) [25][450/722]  base_lr: 1.9713e-06 lr: 1.9713e-06  eta: 0:11:04  time: 2.5950  data_time: 0.0134  grad_norm: 2.7294  loss: 0.3244  loss_cls: 0.1199  loss_bbox: 0.1578  loss_mask: 0.0467
2026/09/18 06:35:30 - mmengine - INFO - Epoch(train) [25][500/722]  base_lr: 1.9713e-06 lr: 1.9713e-06  eta: 0:09:02  time: 2.4234  data_time: 0.0124  grad_norm: 2.7452  loss: 0.2702  loss_cls: 0.0921  loss_bbox: 0.1375  loss_mask: 0.0406
2026/09/18 06:37:32 - mmengine - INFO - Epoch(train) [25][550/722]  base_lr: 1.9713e-06 lr: 1.9713e-06  eta: 0:07:00  time: 2.4390  data_time: 0.0124  grad_norm: 2.8604  loss: 0.2850  loss_cls: 0.1038  loss_bbox: 0.1455  loss_mask: 0.0357
2026/09/18 06:39:38 - mmengine - INFO - Epoch(train) [25][600/722]  base_lr: 1.9713e-06 lr: 1.9713e-06  eta: 0:04:57  time: 2.5031  data_time: 0.0121  grad_norm: 2.8799  loss: 0.2963  loss_cls: 0.1009  loss_bbox: 0.1525  loss_mask: 0.0428
2026/09/18 06:41:37 - mmengine - INFO - Epoch(train) [25][650/722]  base_lr: 1.9713e-06 lr: 1.9713e-06  eta: 0:02:55  time: 2.3910  data_time: 0.0170  grad_norm: 3.0467  loss: 0.3069  loss_cls: 0.1052  loss_bbox: 0.1568  loss_mask: 0.0449
2026/09/18 06:42:31 - mmengine - INFO - Exp name: packdet_rtmdet_ins_20260917_182905
2026/09/18 06:43:44 - mmengine - INFO - Epoch(train) [25][700/722]  base_lr: 1.9713e-06 lr: 1.9713e-06  eta: 0:00:53  time: 2.5394  data_time: 0.0144  grad_norm: 2.7392  loss: 0.3342  loss_cls: 0.1142  loss_bbox: 0.1676  loss_mask: 0.0524
2026/09/18 06:44:37 - mmengine - INFO - Exp name: packdet_rtmdet_ins_20260917_182905
2026/09/18 06:44:37 - mmengine - INFO - Saving checkpoint at 25 epochs
